index,Place_name,Address,Hours,Phone,emails,Reviewscount,Rating,Category,Latitude,Longitude,Place_id,Featured_Image
1,Klimis-Man Barbershop,"Jl. Sedayu, Morokrembangan, Kec. Krembangan, Surabaya, Jawa Timur 60178","Kamis:[10.00â€“22.00],Jumat:[10.00â€“22.00],Sabtu:[10.00â€“22.00],Minggu:[10.00â€“22.00],Senin:[10.00â€“22.00],Selasa:[10.00â€“22.00],Rabu:[10.00â€“22.00]",85161417070,,26,5,Tempat Cukur Rambut,-7.2345052,112.7225604,ChIJd1M-KtL51y0RLp4098renfU,https://lh5.googleusercontent.com/p/AF1QipM7oP9K7PKQ1s4Rw5LLZMdaDV8nHLFktm39jIur
2,The Woods Barbershop,"Jl. Ikan Mungsing No.18, Perak Bar., Kec. Krembangan, Surabaya, Jawa Timur 60177","Kamis:[09.00â€“21.00],Jumat:[09.00â€“21.00],Sabtu:[09.00â€“21.00],Minggu:[09.00â€“21.00],Senin:[09.00â€“21.00],Selasa:[09.00â€“21.00],Rabu:[09.00â€“21.00]",81703631182,,35,4.4,Tempat Cukur Rambut,-7.2262705,112.7262225,ChIJGQCoJvH51y0RBwD_K_koD00,https://lh5.googleusercontent.com/p/AF1QipPvJ7NJ2eM_F_mPDYxJYL0F8mUI9HzQzUJHgDA9
3,Julian Barbershop Surabaya,"Jl. Sedayu No.5, Morokrembangan, Kec. Krembangan, Surabaya, Jawa Timur 60178","Kamis:[10.30â€“21.00],Jumat:[10.30â€“21.00],Sabtu:[10.30â€“21.00],Minggu:[10.30â€“21.00],Senin:[10.30â€“21.00],Selasa:[10.30â€“21.00],Rabu:[10.03â€“21.00]",81333741000,,139,4.3,Tempat Cukur Rambut,-7.2348814,112.7225246,ChIJFRVXXYr51y0RuHHtN2rw2NQ,https://lh5.googleusercontent.com/p/AF1QipMX84AtB4vB9yhhsLKkFfUbKy9Xu_cWKTN8aXU1
4,UPTOWN BARBERSHOP,"RUKO PALMA GALERIA, RB1 NO. 10, Bringin, Kec. Sambikerep, Surabaya, Jawa Timur","Kamis:[10.00â€“22.00],Jumat:[10.00â€“22.00],Sabtu:[10.00â€“22.00],Minggu:[10.00â€“22.00],Senin:[10.00â€“22.00],Selasa:[10.00â€“22.00],Rabu:[10.00â€“22.00]",82337459291,,83,5,Tempat Cukur Rambut,-7.262428,112.6368449,ChIJhXOAtq771y0R-RgChsE0Gf4,https://lh5.googleusercontent.com/p/AF1QipMXjYUJHmvwb4diSrPvuBIBMmHjaXoZpa_xBXsp
5,Surabaya Barbershop,"Jl. Gadukan Rukun No.29-37, Morokrembangan, Kec. Krembangan, Surabaya, Jawa Timur 60178","Kamis:[10.00â€“20.00],Jumat:[10.00â€“20.00],Sabtu:[10.00â€“20.00],Minggu:[10.00â€“20.00],Senin:[10.00â€“20.00],Selasa:[10.00â€“20.00],Rabu:[10.00â€“20.00]",,,142,4.4,Tempat Cukur Rambut,-7.2334367,112.7258441,ChIJ46mORy_51y0Rm14_zqFTCKU,https://lh5.googleusercontent.com/p/AF1QipPZJbqMYG_Pt8SHbjQRz9zbgHAP5USia_hSXWkG
6,The Original Barbershop (Gwalk),"Jl. Taman Gapura Jl. Citraland Surabaya Blok A-10, Lontar, Kec. Sambikerep, Surabaya, Jawa Timur 60216","Kamis:[10.00â€“21.00],Jumat:[10.00â€“21.00],Sabtu:[10.00â€“21.00],Minggu:[10.00â€“21.00],Senin:[10.00â€“21.00],Selasa:[10.00â€“21.00],Rabu:[10.00â€“21.00]",8113516363,,417,4.9,Tempat Cukur Rambut,-7.286497,112.6560255,ChIJAQVhzuH91y0RX-RyRlvE5kg,https://lh5.googleusercontent.com/p/AF1QipOZeCXGCPaLVNYunhicJuZcqALDDazf3BWIYIx3
7,Corner Barbershop,"Jl. Kalimas Baru No.15, Perak Tim., Kec. Pabean Cantikan, Surabaya, Jawa Timur 60164","Kamis:[10.00â€“21.00],Jumat:[10.00â€“21.00],Sabtu:[10.00â€“21.00],Minggu:[10.30â€“21.00],Senin:[10.00â€“21.00],Selasa:[10.00â€“21.00],Rabu:[10.00â€“21.00]",81336839790,,60,4.5,Tempat Cukur Rambut,-7.2232124,112.7360166,ChIJ9bPfd3H51y0RyjsSdY-uwVM,https://lh5.googleusercontent.com/p/AF1QipMR7Se6HazSQz2D-V_0C4Q4YELq1M2JBRzbcmXH
8,Ganteng Barbershop,"Jl. Jakarta No.2, Perak Utara, Kec. Pabean Cantikan, Surabaya, Jawa Timur 60165","Kamis:[10.00â€“21.00],Jumat:[10.00â€“21.00],Sabtu:[10.00â€“21.00],Minggu:[10.00â€“21.00],Senin:[10.00â€“21.00],Selasa:[10.00â€“21.00],Rabu:[08.00â€“21.00]",85755722708,,303,4.4,"Tempat Cukur Rambut,Salon Rambut",-7.2222801,112.7374714,ChIJcyBCc9741y0ROPHS-LB3kDg,https://lh5.googleusercontent.com/p/AF1QipPgRSh7IvhXsyEaSXojaguYWLjOVOoOcgq2s8si
9,Captain Barbershop,"Taman Gapura K8 G-walk, Citraland, Lidah Kulon, Kec. Lakarsantri, Surabaya, Jawa Timur 60217","Kamis:[10.00â€“21.00],Jumat:[10.00â€“21.00],Sabtu:[10.00â€“21.00],Minggu:[10.00â€“21.00],Senin:[10.00â€“21.00],Selasa:[10.00â€“21.00],Rabu:[10.00â€“21.00]",8113000382,cs@captainbarbershop.co.id,519,4.8,Tempat Cukur Rambut,-7.2903047,112.655128,ChIJeck1O6j91y0RosCNiQ3Y92w,https://lh5.googleusercontent.com/p/AF1QipMZ_8xXIsensnd6MnSv_rIYgAXDYNbESQIhMBNy
10,Sea'B Barbershop,"Jl. Manukan Tengah No.20 P, Manukan Kulon, Kec. Tandes, Surabaya, Jawa Timur 60185","Kamis:[10.00â€“21.30],Jumat:[10.00â€“21.30],Sabtu:[10.00â€“21.30],Minggu:[10.00â€“21.30],Senin:[10.00â€“21.30],Selasa:[12.00â€“21.30],Rabu:[10.00â€“21.30]",81234714134,,718,5,"Tempat Cukur Rambut,Penata Rambut",-7.2652415,112.6638507,ChIJnz4gS8j_1y0R6sj5K3vAjMc,https://lh5.googleusercontent.com/p/AF1QipMtzhiOPbE3XG9SY-xYFmAI4BtpIJjgERy0XPZQ
11,LAS VEGAS BARBER SHOP,"Jl. Simokerto No.61, Simokerto, Kec. Simokerto, Surabaya, Jawa Timur 60143","Kamis:[10.00â€“23.00],Jumat:[10.00â€“23.00],Sabtu:[10.00â€“23.00],Minggu:[10.00â€“23.00],Senin:[10.00â€“23.00],Selasa:[10.00â€“23.00],Rabu:[10.00â€“23.00]",83831495155,,46,4.3,Tempat Cukur Rambut,-7.2380231,112.7538482,ChIJ24FFHqX51y0RYFwP-z04IVo,https://lh5.googleusercontent.com/p/AF1QipOG6acp3IssZrk-6SA4taZrNH4JbESgjzeEupzQ
12,Potong Rambut Citra,"Jl. Dupak Bangunsari Tengah No.7, Dupak, Kec. Krembangan, Surabaya, Jawa Timur 60176","Kamis:[09.00â€“22.00],Jumat:[09.00â€“22.00],Sabtu:[09.00â€“22.00],Minggu:[09.00â€“22.00],Senin:[09.00â€“22.00],Selasa:[09.00â€“22.00],Rabu:[09.00â€“22.00]",87854511610,,49,4.6,Tempat Cukur Rambut,-7.239338,112.719251,ChIJnwAxQjL51y0RD3L3RXgLllU,https://lh3.googleusercontent.com/gps-proxy/ALd4DhEnQC3iRicl8kh8O15-et5pBAHRKisqaWpCqS5tTSLhzTkJ5DxN2yGzFuPNWyX-eNMfcOLnEvLFJfUaI6vik3CBS_8YdTMZz_Q1UkBqNBSMsQU8qGQTPDMSX4mxXyyHqKdyX0vSnVqfN81N8t0-oLmxisr3HapOTvLtedk14Ct33rUn8V1wIoiTWD0kR0Tjmod8qfc
13,VINTAGE BARBERSHOP Lontar,"satu lokasi dengan lontar antik, Jl. Raya Lontar No.403, Lontar, Kec. Sambikerep, Surabaya, Jawa Timur 60216","Kamis:[10.00â€“21.00],Jumat:[13.00â€“22.00],Sabtu:[10.00â€“21.00],Minggu:[10.00â€“21.00],Senin:[10.00â€“21.00],Selasa:[10.00â€“21.00],Rabu:[10.00â€“21.00]",81232376469,,55,4.7,Tempat Cukur Rambut,-7.2827447,112.6608444,ChIJX5YbUnP91y0RIAk9SfkanBg,https://lh5.googleusercontent.com/p/AF1QipMIKiDM52JHuRvC1frH8v18nQrjXRdLfdsWiJwH
14,Charming Man Barbershop,"Jalan Telaga Golf Road No.36a, Lidah Kulon, Kec. Lakarsantri, Surabaya, Jawa Timur 60213","Kamis:[09.00â€“21.00],Jumat:[09.00â€“21.00],Sabtu:[09.00â€“21.00],Minggu:[09.00â€“21.00],Senin:[09.00â€“21.00],Selasa:[09.00â€“21.00],Rabu:[09.00â€“21.00]",81234626588,,526,4.8,Tempat Cukur Rambut,-7.2962925,112.6543054,ChIJ3dgG87n91y0RKvWDWI7S4ag,https://lh5.googleusercontent.com/p/AF1QipMjgdkodKQbUYqVE6gfwbb4-Ez4vBIONZ8uCS1w
15,House Of Handsome Barbershop,"Jl. Manukan Asri A lV No.42, Manukan Kulon, Kec. Tandes, Surabaya, Jawa Timur 60185","Kamis:[10.00â€“23.00],Jumat:[10.00â€“23.00],Sabtu:[10.00â€“23.00],Minggu:[10.00â€“23.00],Senin:[10.00â€“23.00],Selasa:[10.00â€“23.00],Rabu:[10.00â€“23.00]",81999566459,,28,4.8,Tempat Cukur Rambut,-7.2626429,112.668145,ChIJg3NryRX_1y0R2S4ZiJgvqnA,https://lh5.googleusercontent.com/p/AF1QipO1pD1ywf1Gffthli_p5kzi7q2ocjTdXOWQS9EA
16,Ganteng Barbershop,"Ruko Palma Galeria, RB2 no. 8, Sememi, Kec. Benowo, Surabaya, Jawa Timur 60198","Kamis:[10.00â€“22.00],Jumat:[10.00â€“22.00],Sabtu:[10.00â€“22.00],Minggu:[10.00â€“22.00],Senin:[10.00â€“22.00],Selasa:[10.00â€“22.00],Rabu:[10.00â€“22.00]",8113073838,,179,4.5,Tempat Cukur Rambut,-7.2621295,112.6363384,ChIJcTsh7sf_1y0ReCIT4adk-2g,https://lh5.googleusercontent.com/p/AF1QipNNy6Tnum6wiIc5k31udE5gFtxqkFC8cKqKTxJ7
17,THE WOODS BARBERSHOP,"Jl. Karang Tembok No.104, Pegirian, Kec. Semampir, Surabaya, Jawa Timur 60153","Kamis:[09.00â€“22.00],Jumat:[12.30â€“22.30],Sabtu:[09.00â€“22.00],Minggu:[09.00â€“22.00],Senin:[09.00â€“22.00],Selasa:[09.00â€“22.00],Rabu:[09.00â€“22.00]",81703631182,,146,4.7,Tempat Cukur Rambut,-7.2241037,112.7485611,ChIJkSuHi1351y0RAtrlL-J8x0c,https://lh5.googleusercontent.com/p/AF1QipM_-8awKmwJMp-3icCZwvSY0zdX4S4Yef0I0W1I
18,Big Brother Barber Shop,"Jl. Alas Malang No.1 Blok BA-2, Sememi, Benowo, Surabaya, East Java 60198","Kamis:[12.00â€“21.00],Jumat:[12.00â€“21.00],Sabtu:[12.00â€“21.00],Minggu:[12.00â€“21.00],Senin:[12.00â€“21.00],Selasa:[12.00â€“21.00],Rabu:[12.00â€“21.00]",,,40,4.6,Tempat Cukur Rambut,-7.2618597,112.6365895,ChIJo_kI9VP_1y0RRLmvU8YnpOo,https://lh5.googleusercontent.com/p/AF1QipPSlfiCyfZITttq4vnB7-TqSPFTK9ZfZDB_VYg
19,Shin Hua Barbershop,"Jl. Kembang Jepun Jl. Nyamplungan No.58, RT.003/RW.05, Nyamplungan, Kec. Pabean Cantikan, Surabaya, Jawa Timur 60162","Kamis:[10.00â€“17.00],Jumat:[10.00â€“17.00],Sabtu:[10.00â€“17.00],Minggu:[Tutup],Senin:[10.00â€“17.00],Selasa:[10.00â€“17.00],Rabu:[10.00â€“17.00]",,,47,4.8,Tempat Cukur Rambut,-7.2377734,112.742925,ChIJHyqubRf51y0RVwZsdTurTdU,https://lh5.googleusercontent.com/p/AF1QipM-g6RorIVOB0pSsxlHiTubr0mjX33YXbe2rLw_
20,Peaky's barbers Indonesia,"Jl. Karang Tembok No.60, Pegirian, Kec. Semampir, Surabaya, Jawa Timur 60153","Kamis:[08.00â€“22.00],Jumat:[08.00â€“22.00],Sabtu:[08.00â€“22.00],Minggu:[08.00â€“22.00],Senin:[08.00â€“22.00],Selasa:[08.00â€“22.00],Rabu:[08.00â€“22.00]",81249492249,,97,4.7,Tempat Cukur Rambut,-7.224703,112.7474974,ChIJtYONZ8n51y0RL_4Y6pOE80k,https://lh5.googleusercontent.com/p/AF1QipOg3MUlJxRTllZn1sUzTWmCvi56T1gI9Q6pDKg4
21,Bosshead Barbershop Rungkut,"Jl. Rungkut Madya No.79, Rungkut Kidul, Kec. Rungkut, Surabaya, Jawa Timur 60293","Kamis:[11.00â€“21.00],Jumat:[13.30â€“21.00],Sabtu:[11.00â€“21.00],Minggu:[11.00â€“21.00],Senin:[Tutup],Selasa:[09.00â€“21.00],Rabu:[11.00â€“21.00]",82230588710,,201,4.5,"Tempat Cukur Rambut,Salon Rambut",-7.3313013,112.7779367,ChIJ0w_VIHb71y0R8BmHx6_Bskw,https://lh5.googleusercontent.com/p/AF1QipNbFNKrBp01SNhoOLjULyEtHoKS1oNeR46kemcV
22,Captain Barbershop Rungkut Surabaya,"Jl. Rungkut Madya No.81, Rungkut Kidul, Kec. Rungkut, Surabaya, Jawa Timur 60293","Kamis:[10.00â€“21.00],Jumat:[10.00â€“21.00],Sabtu:[10.00â€“21.00],Minggu:[10.00â€“21.00],Senin:[10.00â€“21.00],Selasa:[10.00â€“21.00],Rabu:[10.00â€“21.00]",81234440775,cs@captainbarbershop.co.id,2014,5,Tempat Cukur Rambut,-7.3312777,112.7780862,ChIJPWkXuJD71y0R1OQbqVWOYxA,https://lh5.googleusercontent.com/p/AF1QipPdPgD6i1lDB6Db15nr5mAlA5NiCvi-hLk47hNj
23,DonBrik BARBERSHOP,"Jl.Raya Ir.H Soekarno, Jl. Raya Pandugo merr No.36, Penjaringan Sari, Kec. Rungkut, Surabaya, Jawa Timur 60297","Kamis:[10.00â€“21.00],Jumat:[01.00â€“21.00],Sabtu:[10.00â€“21.00],Minggu:[10.00â€“21.00],Senin:[10.30â€“21.00],Selasa:[10.00â€“21.00],Rabu:[10.00â€“21.00]",81553839901,,129,5,Tempat Cukur Rambut,-7.3249761,112.7811565,ChIJ9Q_O2sr71y0R5gzK7B36CNw,https://lh5.googleusercontent.com/p/AF1QipN1Dcw6EvJQ5HmkQnHjWQOJOheYC9u6qGLLCYXh
24,One Way BARBERSHOP Merr,"Jl. Dr. Ir. H. Soekarno Jl. Raya Rungkut No.25 Blok M, Rungkut Kidul, MERR, Surabaya, Jawa Timur 60293","Kamis:[10.00â€“21.00],Jumat:[13.00â€“21.00],Sabtu:[10.00â€“21.00],Minggu:[10.00â€“21.00],Senin:[10.00â€“21.00],Selasa:[10.00â€“21.00],Rabu:[10.00â€“21.00]",81216621324,,194,4.8,Tempat Cukur Rambut,-7.3281499,112.7812041,ChIJ06oWIzz71y0RKYCe0Lt6IB8,https://lh5.googleusercontent.com/p/AF1QipOpo5D37d6JlVyhAJMc6yM8mQxlzc9FsNEkvth6
25,De'Cutz Barber Shop,"Komplek Ruko, Merr Square City, Jl. Dr. Ir. H. Soekarno Merr Pandugo No. 2F, Penjaringan Sari, Kec. Rungkut, Surabaya, Jawa Timur 60293","Kamis:[10.00â€“21.00],Jumat:[10.00â€“21.00],Sabtu:[10.00â€“21.00],Minggu:[10.00â€“21.00],Senin:[10.00â€“21.00],Selasa:[10.00â€“21.00],Rabu:[10.00â€“21.00]",3199044755,,373,4.6,Tempat Cukur Rambut,-7.3231883,112.7807365,ChIJE0buKer61y0RLMP8dFPFdTI,https://lh5.googleusercontent.com/p/AF1QipOqzLS_Hcx0Bxmut9hl4vtWR39ERFDvIayG4VIO
26,Mr Cukur Barbershop Rungkut Asri,"Jl. Rungkut Asri Utara XIII No.17, Kali Rungkut, Kec. Rungkut, Surabaya, Jawa Timur 60293","Kamis:[11.00â€“22.00],Jumat:[11.00â€“22.00],Sabtu:[11.00â€“22.00],Minggu:[11.00â€“22.00],Senin:[11.00â€“22.00],Selasa:[11.00â€“00.00],Rabu:[11.00â€“22.00]",81943502255,,74,4.8,Tempat Cukur Rambut,-7.3245147,112.7757445,ChIJpc31jVT71y0RjU1bgbRa09U,https://lh5.googleusercontent.com/p/AF1QipO_Ek-0BIoLnmrbPcyZfX9_nnqsDEwDakE58bCX
27,Lucky-laki Barbershop,"Jl. Raya Medokan Sawah No.115, Medokan Ayu, Kec. Rungkut, Surabaya, Jawa Timur 60295","Kamis:[09.00â€“21.00],Jumat:[09.00â€“21.00],Sabtu:[09.00â€“21.00],Minggu:[09.00â€“21.00],Senin:[09.00â€“21.00],Selasa:[09.00â€“21.00],Rabu:[09.00â€“21.00]",85334831082,,53,4.8,"Tempat Cukur Rambut,Salon Rambut",-7.3318237,112.7956419,ChIJoRaBgHz71y0RLL5X0JnLx2g,https://lh5.googleusercontent.com/p/AF1QipPSQdqM88yKOzQWMs_1wNGm63Ke-odVT1fNsDy-
28,Brilliyand Barbershop,"Jl. Rungkut Alang-Alang No.40, Kali Rungkut, Kec. Rungkut, Surabaya, Jawa Timur 60293","Kamis:[09.00â€“22.00],Jumat:[09.00â€“22.00],Sabtu:[09.00â€“22.00],Minggu:[09.00â€“22.00],Senin:[09.00â€“22.00],Selasa:[09.00â€“22.00],Rabu:[09.00â€“22.00]",,,178,4.7,Tempat Cukur Rambut,-7.3226677,112.7727069,ChIJK9GZT-b61y0RHewgiLgERzk,https://lh5.googleusercontent.com/p/AF1QipOnpCZx026QJNnOoTHK75A3bwaNKG3KeSLDMLjy
29,cukuraku barbershop,"Jl. Raya Medokan Sawah No.4, RW.Rt. 2, Gunung Anyar, Kec. Rungkut, Surabaya, Jawa Timur 60294","Kamis:[08.00â€“23.00],Jumat:[08.00â€“23.00],Sabtu:[08.00â€“23.00],Minggu:[08.00â€“23.00],Senin:[08.00â€“23.00],Selasa:[08.00â€“23.00],Rabu:[08.00â€“23.00]",8.95E+11,,38,4.3,Tempat Cukur Rambut,-7.3330042,112.7922995,ChIJuz-aY9371y0RICtsGNh6DaI,https://lh5.googleusercontent.com/p/AF1QipPr0XpBJBG2jXhvU62apIpqnPPCaV5UKBYt_XT2
30,TARJOZZ BARBERSHOP,"Jl. Raya Medokan Sawah No.13, RT.2, Medokan Ayu, Kec. Rungkut, Surabaya, Jawa Timur 60295","Kamis:[09.00â€“21.00],Jumat:[09.00â€“21.00],Sabtu:[09.00â€“21.00],Minggu:[09.00â€“21.00],Senin:[09.00â€“21.00],Selasa:[09.00â€“21.00],Rabu:[09.00â€“21.00]",,,32,4.6,Salon Rambut,-7.3329973,112.7931131,ChIJI3pCgrH71y0Rg1MwMzUzhnA,https://lh5.googleusercontent.com/p/AF1QipORmuDHCjHRM0kcOo2Hj-hmwb1l9618vtteL3xv
31,Dutchman Barbershop,"Jl. Rungkut Madya No.55A, Rungkut Kidul, Kec. Rungkut, Surabaya, Jawa Timur 60293","Kamis:[11.00â€“21.00],Jumat:[11.00â€“22.00],Sabtu:[11.00â€“22.00],Minggu:[11.00â€“22.00],Senin:[11.00â€“21.00],Selasa:[11.00â€“21.00],Rabu:[11.00â€“21.00]",82110009744,,494,5,Tempat Cukur Rambut,-7.3312263,112.7752023,ChIJe_tS_CT71y0RHTj1UOK3o4s,https://lh5.googleusercontent.com/p/AF1QipMiBmD2Cnxkqhj-357nfvAd4sFOypQYCz4TO9-0
32,ANCHOR UP Barbershop,"Jl. Raya Kendalsari, Penjaringan Sari, Kec. Rungkut, Surabaya, Jawa Timur 60297","Kamis:[11.00â€“21.00],Jumat:[13.00â€“21.00],Sabtu:[11.00â€“21.00],Minggu:[11.00â€“21.00],Senin:[11.00â€“21.00],Selasa:[11.00â€“21.00],Rabu:[11.00â€“21.00]",85655424463,,176,4.6,Tempat Cukur Rambut,-7.3128037,112.7856051,ChIJ4QaI2_L61y0RQFtARQCT5HY,https://lh5.googleusercontent.com/p/AF1QipOZhh4fu6JbTbZxrPDgqqp14XpQacW79M3R7E8k
33,The Crop's Hair Studio,"Jl. Rungkut Asri Utara XIII No.4, Kali Rungkut, Kec. Rungkut, Surabaya, Jawa Timur 60293","Kamis:[11.00â€“21.00],Jumat:[11.00â€“21.00],Sabtu:[11.00â€“21.00],Minggu:[11.00â€“21.00],Senin:[Tutup],Selasa:[11.00â€“21.00],Rabu:[11.00â€“21.00]",82140070048,,18,4.8,Tempat Cukur Rambut,-7.3232769,112.7754437,ChIJcT7-3R771y0RYXbgEwZJvIQ,https://lh5.googleusercontent.com/p/AF1QipMlMRpHk1UwKYioI_nG8a-HFseBvUKI7nCA3xyu
34,Seniman Barbershop,"Jl. Rungkut Madya No.29, Medokan Ayu, Kec. Rungkut, Surabaya, Jawa Timur 60295","Kamis:[10.00â€“22.00],Jumat:[10.00â€“22.00],Sabtu:[10.00â€“22.00],Minggu:[10.00â€“22.00],Senin:[10.00â€“22.00],Selasa:[10.00â€“22.00],Rabu:[10.00â€“22.00]",81236325108,,39,4,Tempat Cukur Rambut,-7.332229,112.7890826,ChIJq09TY2v71y0RqwlqH31wFsE,https://lh5.googleusercontent.com/p/AF1QipMHyAZg_75t4A1D-FZChouw3jZYeZfyUDtisUOs
35,The Black Color Barbershop Rungkut,"Jl. Raya Kedung Asem No.146, Kali Rungkut, Kec. Rungkut, Surabaya, Jawa Timur 60293","Kamis:[09.00â€“22.00],Jumat:[09.00â€“22.00],Sabtu:[09.00â€“22.00],Minggu:[09.00â€“22.00],Senin:[09.00â€“22.00],Selasa:[09.00â€“22.00],Rabu:[09.00â€“22.00]",87757178878,,10,4,Tempat Cukur Rambut,-7.3222568,112.7785195,ChIJS9ncrOv71y0RusvzYf5Ea_I,https://lh5.googleusercontent.com/p/AF1QipN16RHPzKmqErlvvO0IZDrmLfvjmfR4k34FH0as
36,INKOPOL BARBERSHOP,"Jl. Penjaringan Sari Blok PSIID No.30, Penjaringan Sari, Kec. Rungkut, Surabaya, Jawa Timur 60297","Kamis:[11.00â€“22.30],Jumat:[10.00â€“22.30],Sabtu:[10.00â€“22.30],Minggu:[10.00â€“22.30],Senin:[17.00â€“22.30],Selasa:[11.00â€“22.30],Rabu:[11.00â€“22.30]",85337040715,,12,4.8,Tempat Cukur Rambut,-7.3241151,112.7917918,ChIJfSjGA3P71y0R-l2UKPQjBEU,https://lh5.googleusercontent.com/p/AF1QipNKB34UNGy6inB9O4IGscpAo5QrGOjLBhUyehtl
37,The Paul Barbershop,"Jl. Gn. Anyar Jaya No.57, Gn. Anyar, Kec. Gn. Anyar, Surabaya, Jawa Timur 60294","Kamis:[11.00â€“21.00],Jumat:[11.00â€“21.00],Sabtu:[11.00â€“21.00],Minggu:[11.00â€“21.00],Senin:[11.00â€“21.00],Selasa:[11.00â€“21.00],Rabu:[11.00â€“21.00]",82231115636,,208,4.9,Tempat Cukur Rambut,-7.3352948,112.7956386,ChIJGdlIWjb71y0R_gAGkTwIVKk,https://lh5.googleusercontent.com/p/AF1QipMp9UTIcHM8T7svj6HtUTC8i8NHcIG-k3BTshiv
38,Potong Rambut RJ,"Jl. Rungkut Alang-Alang No.83, Kali Rungkut, Kec. Rungkut, Surabaya, Jawa Timur 60293","Kamis:[08.00â€“21.00],Jumat:[08.00â€“21.00],Sabtu:[08.00â€“21.00],Minggu:[08.00â€“21.00],Senin:[08.00â€“21.00],Selasa:[08.00â€“21.00],Rabu:[08.00â€“21.00]",85102477202,,44,4.7,Tempat Cukur Rambut,-7.3226559,112.774057,ChIJM4W2L-b61y0R5yu1xUt6vcw,https://lh3.googleusercontent.com/gps-proxy/ALd4DhFchYRvs5CVsLDm2g0_fOb_oAlKg4510K7g5x7Y92Vl3M690OeKgGIqeRsOM99zaP4Rlb9cVqRoFbJFYTGcf9epiQoUYJ1sIw0DjWsyYcW8ukxfp0-_8-02Hr0Vhcu6OsUYfv_gGFTO7ZDse0VY22UyzO5yR1Nmt3VPSTmn0GsYmYX_Zk-6mMLpO3rLvHjIekTtrg
39,Merdeka Barbershop,"Penjaringan Timur Jl. Penjaringan No.22b, Penjaringan Sari, Kec. Rungkut, Surabaya, Jawa Timur 60292","Kamis:[10.00â€“22.00],Jumat:[13.30â€“22.00],Sabtu:[10.00â€“22.00],Minggu:[10.00â€“22.00],Senin:[10.00â€“22.00],Selasa:[10.00â€“22.00],Rabu:[10.00â€“22.00]",8561888064,,23,4.7,Tempat Cukur Rambut,-7.3185803,112.78376,ChIJhTIWylf71y0RPfQE2Jycgvw,https://lh5.googleusercontent.com/p/AF1QipO488-dcVBQxW-mYjIE2n05J9CZDIo3y_dmvXQv
40,Zayn Barbershop,"Medokan Asri Barat RL5 L2, Surabaya, Jawa Timur 60295","Kamis:[12.00â€“21.00],Jumat:[12.00â€“21.00],Sabtu:[12.00â€“21.00],Minggu:[12.00â€“21.00],Senin:[12.00â€“21.00],Selasa:[12.00â€“21.00],Rabu:[12.00â€“21.00]",82267781988,,28,4.9,Tempat Cukur Rambut,-7.329045,112.7883728,ChIJ46ZQZE_71y0RDX6S1BFKsHs,https://lh5.googleusercontent.com/p/AF1QipPYQMq5YmEkwiMLt6gYbewu36S8Fv6HCQIqzpNP
41,Broadway Barbershop Tegalsari,"Samping Visma Coffee, Jl. Tegalsari No.35A, Tegalsari, Kec. Tegalsari, Surabaya, Jawa Timur 60262","Kamis:[10.00â€“21.00],Jumat:[10.00â€“21.00],Sabtu:[10.00â€“21.00],Minggu:[10.00â€“21.00],Senin:[10.00â€“21.00],Selasa:[10.00â€“21.00],Rabu:[10.00â€“21.00]",81235914770,,20,4.6,Tempat Cukur Rambut,-7.265988,112.738307,ChIJ-yoLM5v51y0RvUTWCEvX8Dc,https://lh5.googleusercontent.com/p/AF1QipNHnXzIUKjr96APL8WByuMkwLw_VRTuvcl7sG7M
42,Ibiza Barbershop ( kp malang ),"Jl. Kp. Malang Tengah I No.11, Tegalsari, Kec. Tegalsari, Surabaya, Jawa Timur 60262","Kamis:[10.00â€“22.00],Jumat:[13.00â€“22.00],Sabtu:[10.00â€“22.00],Minggu:[10.00â€“22.00],Senin:[10.00â€“22.00],Selasa:[10.00â€“22.00],Rabu:[10.00â€“22.00]",89530005030,,89,4.7,Tempat Cukur Rambut,-7.2710164,112.7352479,ChIJd0_ibnH71y0REnzhDTcMx1A,https://lh5.googleusercontent.com/p/AF1QipOx8D50cKmy7J3ZQFzD3zW_NKP1Ncqdw7Byoswu
43,Ganteng Barbershop,"Jl. Pandegiling No.244, Tegalsari, Kec. Tegalsari, Surabaya, Jawa Timur 60262","Kamis:[11.00â€“22.00],Jumat:[13.00â€“22.00],Sabtu:[11.00â€“22.00],Minggu:[11.00â€“22.00],Senin:[11.00â€“22.00],Selasa:[11.00â€“22.00],Rabu:[11.00â€“22.00]",85755722708,,97,4.5,Tempat Cukur Rambut,-7.2757325,112.7348348,ChIJwRjStmj71y0RmUoiW8LG0Iw,https://lh5.googleusercontent.com/p/AF1QipOgkDsVZgxjcSDDqPf_1m19PwMeXDaPLsOfVegM
44,Barber Shop Kacong,"Jl. Kp. Malang Tengah I No.58, Wonorejo, Kec. Tegalsari, Surabaya, Jawa Timur 60263","Kamis:[09.00â€“21.00],Jumat:[13.00â€“21.00],Sabtu:[09.00â€“21.00],Minggu:[09.00â€“21.00],Senin:[09.00â€“21.00],Selasa:[09.00â€“21.00],Rabu:[09.00â€“21.00]",83844800111,,59,4.7,Tempat Cukur Rambut,-7.273632,112.734716,ChIJfbHZE-b71y0RG3xiir8T7YM,https://lh5.googleusercontent.com/p/AF1QipPb0MJL9jCKG3UXzS0DUcRtTPG6E1-PyANjCe-f
45,1$T SOCCER BARBERSHOP,"Jl. Kp. Malang Tengah I No.80, Wonorejo, Kec. Tegalsari, Surabaya, Jawa Timur 60263","Kamis:[09.00â€“23.00],Jumat:[09.00â€“23.00],Sabtu:[09.00â€“23.00],Minggu:[09.00â€“23.00],Senin:[09.00â€“23.00],Selasa:[09.00â€“23.00],Rabu:[09.00â€“23.00]",81916818054,,145,4.4,Tempat Cukur Rambut,-7.2755783,112.7344927,ChIJeQzNaeb71y0RVqemruxTz34,https://lh5.googleusercontent.com/p/AF1QipPD3cF9f8Jlk05d2xwmAvzOCnxOc6rora-27qzG
46,Pangkas Rambut Roy - Cak Mad,"Jl. Tegalsari No.23, Tegalsari, Kec. Tegalsari, Surabaya, Jawa Timur 60261","Kamis:[09.00â€“21.00],Jumat:[09.00â€“21.00],Sabtu:[09.00â€“21.00],Minggu:[09.00â€“21.00],Senin:[09.00â€“21.00],Selasa:[09.00â€“21.00],Rabu:[09.00â€“21.00]",8123071786,,35,4.7,Tempat Cukur Rambut,-7.2657373,112.7403501,ChIJs4vZamD51y0RahWfjM6XsyQ,https://lh5.googleusercontent.com/p/AF1QipMz5DCysPnAFTmQblSvjzhDtGBftEhD1gWuhl3-
47,1st Soccer Barbershop,"Jl. Plemahan XI No.2, Kedungdoro, Kec. Tegalsari, Surabaya, Jawa Timur 60261","Kamis:[09.00â€“23.00],Jumat:[09.00â€“23.00],Sabtu:[09.00â€“23.00],Minggu:[09.00â€“23.00],Senin:[09.00â€“23.00],Selasa:[09.00â€“23.00],Rabu:[09.00â€“23.00]",81235981807,,53,4.6,Tempat Cukur Rambut,-7.2651787,112.7362863,ChIJIWm-q1_51y0ReFBAh0ocGy0,https://lh5.googleusercontent.com/p/AF1QipPfop90n4SGOkg8RjPbkdQTIwDbB0sGHBDMYbUy
48,Rockafellas Haarsnijder en Barbier,"Jl. Kedungdoro VIII No.24, Sawahan, Kec. Sawahan, Surabaya, Jawa Timur 60251","Kamis:[09.00â€“22.00],Jumat:[09.00â€“22.00],Sabtu:[09.00â€“22.00],Minggu:[09.00â€“22.00],Senin:[17.00â€“22.00],Selasa:[09.00â€“22.00],Rabu:[09.00â€“22.00]",85231271960,,97,4.7,Tempat Cukur Rambut,-7.2615404,112.7285237,ChIJv8KhFVr51y0RiwdmhIrb4Ow,https://lh5.googleusercontent.com/p/AF1QipPpTEeci_9uoIi4ykx4dRatPSCyxiV3N1ncKUAl
49,Barbershop D'VAL,"Plemahan Besar Gg. IX No.3A, Kedungdoro, Kec. Tegalsari, Surabaya, Jawa Timur 60261","Kamis:[10.30â€“22.30],Jumat:[10.30â€“22.30],Sabtu:[10.30â€“22.30],Minggu:[Tutup],Senin:[10.30â€“22.30],Selasa:[10.30â€“22.30],Rabu:[10.30â€“22.30]",82231609503,,14,4.7,Tempat Cukur Rambut,-7.2648467,112.73629,ChIJY01rutn51y0RSNUzHW36gVk,https://lh5.googleusercontent.com/p/AF1QipN70jsrHm12LTKCg_YaO5Mx8KjSnD4sp-G5WIyC
50,Gang8 Special Haircut,"Jl. Dukuh Kupang Barat VIII No.4, Dukuh Kupang, Kec. Dukuhpakis, Surabaya, Jawa Timur 60225","Kamis:[10.00â€“22.00],Jumat:[10.00â€“22.00],Sabtu:[10.00â€“22.00],Minggu:[10.00â€“22.00],Senin:[10.00â€“22.00],Selasa:[10.00â€“22.00],Rabu:[10.00â€“22.00]",,,55,4.7,Tempat Cukur Rambut,-7.2791423,112.7108606,ChIJjf1jmAj81y0R8iVVOVRYUGo,https://lh5.googleusercontent.com/p/AF1QipPnGNCA4IHxc3xdECrLc8an7Eehcw10bUddm_9e
51,Tjoekoer Bawah Pohon Barbershop Embong Cerme,"Jl. Embong Cerme No.3, Embong Kaliasin, Kec. Genteng, Surabaya, Jawa Timur 60271","Kamis:[10.00â€“21.00],Jumat:[10.00â€“21.00],Sabtu:[10.00â€“21.00],Minggu:[10.00â€“21.00],Senin:[10.00â€“21.00],Selasa:[10.00â€“21.00],Rabu:[10.00â€“21.00]",81283737879,,173,4.9,Tempat Cukur Rambut,-7.269785,112.744358,ChIJAVcXGmX71y0RN8fFxFBpbeE,https://lh5.googleusercontent.com/p/AF1QipOVuF8maAuVWzEV6SM3vaZPztkpd98RSCWkRO7-
52,Ibiza Barbershop ( jetis kulon ),"Jl. Jetis Kulon No.79, Wonokromo, Kec. Wonokromo, Surabaya, Jawa Timur 60243","Kamis:[10.00â€“22.00],Jumat:[13.00â€“22.00],Sabtu:[10.00â€“22.00],Minggu:[10.00â€“22.00],Senin:[10.00â€“22.00],Selasa:[10.00â€“22.00],Rabu:[10.00â€“22.00]",,,26,4.3,Tempat Cukur Rambut,-7.3067101,112.7298166,ChIJjUZENPD71y0RcQmmRXTR1PY,https://lh5.googleusercontent.com/p/AF1QipMuT2CFTQcxkTxaw4Zcyky1oCqKZ8lSHynlsEO3
53,BARBERGOODS Barbershop,"Jl. Jetis Kulon 1 No.11, Wonokromo, Kec. Wonokromo, Surabaya, Jawa Timur 60243","Kamis:[10.00â€“21.00],Jumat:[10.00â€“21.00],Sabtu:[10.00â€“21.00],Minggu:[10.00â€“21.00],Senin:[10.00â€“21.00],Selasa:[10.00â€“21.00],Rabu:[10.00â€“21.00]",82113338008,,110,4.9,Tempat Cukur Rambut,-7.3080288,112.7331584,ChIJ0euZt7D71y0RTwGVcAQ8wuk,https://lh5.googleusercontent.com/p/AF1QipNJjWwHl5YwbBFca-rN0HA1KWCPO-xreVuR4yFh
54,The Roots Barbershop & Concept Store,"Jl. Pandan No.1A, Ketabang, Kec. Genteng, Surabaya, Jawa Timur 60272","Kamis:[10.00â€“21.00],Jumat:[13.00â€“21.00],Sabtu:[11.00â€“21.00],Minggu:[11.00â€“21.00],Senin:[10.00â€“21.00],Selasa:[10.00â€“21.00],Rabu:[10.00â€“21.00]",8113201302,,605,4.5,"Tempat Cukur Rambut,Toko,Penata Rambut",-7.2587075,112.7503382,ChIJQXmjyNj71y0RmasPngqN4No,https://lh5.googleusercontent.com/p/AF1QipMrDx7g6rQorkMcuuCRG176Rk2taUA05vSB1ms6
55,Uswah Barbershop,"Jl. Pandegiling No.244, Tegalsari, Kec. Tegalsari, Surabaya, Jawa Timur 60264","Kamis:[00.00â€“10.00],Jumat:[00.00â€“10.00],Sabtu:[00.00â€“10.00],Minggu:[00.00â€“10.00],Senin:[00.00â€“10.00],Selasa:[00.00â€“10.00],Rabu:[00.00â€“10.00]",,,5,5,Salon Rambut,-7.2757203,112.7347062,ChIJg4JLyeD71y0Rntzqd6-eJn8,https://lh5.googleusercontent.com/p/AF1QipMW2D2SugXi2bYPj0iclPvIZpIvRURbM0GKmT0Q
56,Mr. One Barbershop,"Jl. Joyoboyo No.70, Sawunggaling, Kec. Wonokromo, Surabaya, Jawa Timur 60242","Kamis:[12.00â€“22.00],Jumat:[12.00â€“22.00],Sabtu:[12.00â€“22.00],Minggu:[12.00â€“22.00],Senin:[12.00â€“22.00],Selasa:[12.00â€“22.00],Rabu:[12.00â€“22.00]",87763335023,,140,4.7,Tempat Cukur Rambut,-7.2997281,112.7306399,ChIJ2b1uSf371y0Rn0JshOcZMqQ,https://lh5.googleusercontent.com/p/AF1QipOI5RSC6zo1Wbxcwtej1vFm0yRlD_siBmktmxYR
57,Steven's Cut Barbershop,"Tunjungan Plaza, Jl. Jenderal Basuki Rachmat No.8-12 1 Lantai 2, Kedungdoro, Kec. Tegalsari, Surabaya, Jawa Timur 60261","Kamis:[10.00â€“21.30],Jumat:[10.00â€“21.30],Sabtu:[10.00â€“21.30],Minggu:[10.00â€“21.30],Senin:[10.00â€“21.30],Selasa:[10.00â€“21.30],Rabu:[10.00â€“21.30]",8992221112,,13,5,Tempat Cukur Rambut,-7.2636881,112.7407233,ChIJaRUpr7z51y0R9_AdepA9kqc,https://lh5.googleusercontent.com/p/AF1QipNzp0gB_tQRMYXsIIcUpAosv4zYbSDQAzQO4zsj
58,Oldtown Barbershop,"Jl. Dharmahusada No.108B, Mojo, Kec. Gubeng, Surabaya, Jawa Timur 60115","Kamis:[11.00â€“21.00],Jumat:[13.00â€“21.00],Sabtu:[11.00â€“21.00],Minggu:[11.00â€“21.00],Senin:[11.00â€“21.00],Selasa:[11.00â€“21.00],Rabu:[11.00â€“21.00]",8.95E+11,admin@oldtown-barbers.com,182,4.8,Tempat Cukur Rambut,-7.266674,112.7678858,ChIJxdiCR6f71y0RImxuzsozuhg,https://lh5.googleusercontent.com/p/AF1QipM7sDGnTW7zwhH7TYtoIfKrEbT-ebFs2w-88Luk
59,potong rambut utsman,"Jl. Simokerto No.118, Simokerto, Kec. Simokerto, Surabaya, Jawa Timur 12341","Kamis:[10.00â€“22.00],Jumat:[10.00â€“22.00],Sabtu:[10.00â€“22.00],Minggu:[10.00â€“22.00],Senin:[10.00â€“22.00],Selasa:[10.00â€“22.00],Rabu:[10.00â€“22.00]",83119939599,,23,4.4,Tempat Cukur Rambut,-7.23618,112.754925,ChIJI7RnCIP51y0RdrGhrXlCiwM,https://lh5.googleusercontent.com/p/AF1QipNzYDwb4AFV2T__sSQ276DMaMScLlVuPMkKiHZb
60,Sobat Barbershop Surabaya,"Jl. Tambak Laban No.18 A, Tambakrejo, Kec. Simokerto, Surabaya, Jawa Timur 60141","Kamis:[09.30â€“21.30],Jumat:[09.30â€“21.30],Sabtu:[09.30â€“21.30],Minggu:[12.00â€“19.00],Senin:[09.00â€“21.30],Selasa:[09.30â€“21.30],Rabu:[09.30â€“21.30]",8.59E+11,,94,4.9,Tempat Cukur Rambut,-7.243303,112.7584318,ChIJDX_H1db51y0RUAB0O-cP4FM,https://lh5.googleusercontent.com/p/AF1QipNsiScdnRUuz2KQEBgyiJyt1eNpXnFF9Q0urY9c
61,Escobar's Barbershop,"Kebondalem 5 No.17, Simolawang, Kec. Simokerto, Surabaya, Jawa Timur 60144","Kamis:[10.00â€“22.00],Jumat:[19.00â€“23.00],Sabtu:[19.00â€“23.00],Minggu:[19.00â€“23.00],Senin:[19.00â€“23.00],Selasa:[10.00â€“22.00],Rabu:[10.00â€“22.00]",8.59E+11,,34,5,"Tempat Cukur Rambut,Penata Rambut",-7.2317489,112.7459319,ChIJH2wYOqb71y0REK_g6Bz3t9Q,https://lh5.googleusercontent.com/p/AF1QipPR9TpKbC4-up7AFckGgy16nlEEAArhhJJhqFyG
62,Faiz barbershop,"Jl. Randu No.60, Sidotopo Wetan, Kec. Kenjeran, Surabaya, Jawa Timur 60128","Kamis:[10.00â€“23.00],Jumat:[10.00â€“23.00],Sabtu:[10.00â€“23.00],Minggu:[10.00â€“23.00],Senin:[10.00â€“23.00],Selasa:[10.00â€“23.00],Rabu:[10.00â€“23.00]",83832751890,,37,5,Tempat Cukur Rambut,-7.2243111,112.7627753,ChIJf-KSMvv51y0RtgKo56_GnI4,https://lh5.googleusercontent.com/p/AF1QipNAjnHVQ_6F1MIlsLy7-X4oaHfrO0nqpj2VIxez
63,Kaptens BarBershop,"Jl. Tambak Rejo No.108, Tambakrejo, Kec. Simokerto, Surabaya, Jawa Timur 60142","Kamis:[10.00â€“22.00],Jumat:[10.00â€“22.00],Sabtu:[10.00â€“22.00],Minggu:[10.00â€“22.00],Senin:[10.00â€“22.00],Selasa:[10.00â€“22.00],Rabu:[10.00â€“22.00]",81703873550,,161,4.4,Tempat Cukur Rambut,-7.2443079,112.7589835,ChIJrb6zqSL51y0Ria2EgC-tlP8,https://lh5.googleusercontent.com/p/AF1QipNso2k95VkAXwzLYt6JwV29JrcwxVScbv8XSeGh
64,GoodFellas Barbershop Sukomanunggal,"Jl. Raya Sukomanunggal Jaya No.2K, Sukomanunggal, Kec. Sukomanunggal, Surabaya, Jawa Timur 60188","Kamis:[09.00â€“21.00],Jumat:[09.00â€“21.00],Sabtu:[09.00â€“21.00],Minggu:[09.00â€“21.00],Senin:[09.00â€“21.00],Selasa:[09.00â€“21.00],Rabu:[09.00â€“21.00]",82233050900,,536,4.8,Tempat Cukur Rambut,-7.2694493,112.6940308,ChIJqa8SzB381y0RbzXftdewAp0,https://lh5.googleusercontent.com/p/AF1QipPAByTIyootw0sv5B1wRSI6glfgTEEXXuNxjYl1
65,Zafran Barbershop,"Jl. Tengger Raya No.41c, Kandangan, Kec. Benowo, Surabaya, Jawa Timur 60185","Kamis:[10.00â€“21.00],Jumat:[10.00â€“21.00],Sabtu:[10.00â€“21.00],Minggu:[10.00â€“21.00],Senin:[10.00â€“21.00],Selasa:[Tutup],Rabu:[10.00â€“21.00]",82244284482,,21,4.9,Tempat Cukur Rambut,-7.2560151,112.6581923,ChIJzQoysrn_1y0RbHruW1mhcSk,https://lh5.googleusercontent.com/p/AF1QipMQviglxHFibPbYDcCo9nUNaH26X93qUN9ygnIH
66,Gentleman's Barbershop,"Jl. Kedinding Lor No.15, Tanah Kali Kedinding, Kec. Kenjeran, Surabaya, Jawa Timur","Kamis:[11.00â€“22.00],Jumat:[11.00â€“22.00],Sabtu:[11.00â€“22.00],Minggu:[11.00â€“22.00],Senin:[11.00â€“22.00],Selasa:[11.00â€“22.00],Rabu:[11.00â€“22.00]",85745000711,,180,4.9,Tempat Cukur Rambut,-7.2215926,112.7691329,ChIJ9btjwT351y0RgCacm3haNRg,https://lh5.googleusercontent.com/p/AF1QipMtm4163ihJwKno9o-zT0sr-xwEIzfcZpbdFFbW
67,ALADEEN BARBERSHOP,"Danakarya No No.35, Ujung, Kec. Semampir, Surabaya, Jawa Timur 60155","Kamis:[12.00â€“22.00],Jumat:[12.30â€“22.30],Sabtu:[12.00â€“22.00],Minggu:[12.00â€“22.00],Senin:[12.00â€“22.00],Selasa:[12.00â€“22.00],Rabu:[12.00â€“22.00]",81703631182,,120,4.6,Tempat Cukur Rambut,-7.2256811,112.7450405,ChIJ_bvWy3X51y0R9RniCQqtlbE,https://lh5.googleusercontent.com/p/AF1QipM-eWiZazPbozBIolHG9ckWTGqMkO-0CaV3f3pg
68,ONS Barbershop,"Jl. Kapas Krampung No.196, Ploso, Kec. Tambaksari, Surabaya, Jawa Timur 60133","Kamis:[10.00â€“21.30],Jumat:[10.00â€“21.30],Sabtu:[10.00â€“21.30],Minggu:[10.00â€“21.30],Senin:[10.00â€“21.30],Selasa:[10.00â€“21.30],Rabu:[10.00â€“21.30]",,,35,4.3,"Tempat Cukur Rambut,Salon Rambut",-7.2503919,112.7640339,ChIJ3bfXxvb51y0R0fD_DNNP8Ts,https://lh5.googleusercontent.com/p/AF1QipOhAHx9CZk8YUgJN3hH5dcpufX4wX9SY2ID6suS
69,MR. MBOIS Barbershop,"Jl. Kapas Gading Madya I No.21, Gading, Kec. Tambaksari, Surabaya, Jawa Timur 60134","Kamis:[10.00â€“22.00],Jumat:[10.00â€“22.00],Sabtu:[10.00â€“22.00],Minggu:[10.00â€“22.00],Senin:[10.00â€“22.00],Selasa:[10.00â€“22.00],Rabu:[10.00â€“22.00]",85101723492,,94,4.5,Tempat Cukur Rambut,-7.239105,112.7722062,ChIJBZCQjKT51y0RAVc7yJHJP_E,https://lh5.googleusercontent.com/p/AF1QipOeNXJy96HNSobHAAvcI1oUUPklfl8El9dTnrHt
70,Cut Seventeen Barbershop,"Jl. Jimerto No.14-I, Ketabang, Kec. Genteng, Surabaya, Jawa Timur 60272","Kamis:[11.00â€“21.00],Jumat:[11.00â€“21.00],Sabtu:[11.00â€“21.00],Minggu:[11.00â€“21.00],Senin:[11.00â€“21.00],Selasa:[11.00â€“21.00],Rabu:[11.00â€“21.00]",81332007587,,12,4.8,Tempat Cukur Rambut,-7.258356,112.7487797,ChIJ1a5JWFL51y0R0qVMyaoRc7M,https://lh5.googleusercontent.com/p/AF1QipPw89HevZpqrBnC9IithqA4bmT_Gg-cq4Bf2hIl
71,Cutbox BarberShop,"Jl. Wijaya Kusuma No.28, Ketabang, Kec. Genteng, Surabaya, Jawa Timur 60272","Kamis:[10.00â€“20.00],Jumat:[10.00â€“20.00],Sabtu:[10.00â€“20.00],Minggu:[Tutup],Senin:[10.00â€“20.00],Selasa:[10.00â€“20.00],Rabu:[10.00â€“20.00]",81330644748,,446,4.6,Tempat Cukur Rambut,-7.2592919,112.7490863,ChIJoz1lJWX51y0RbjVT5TAMhgo,https://lh5.googleusercontent.com/p/AF1QipM-8_w1i_5XHbSvSwJjzUbF0gh02XVRBgva-Z2S
72,Big Brother Barbershop,"Jl. Embong Malang No.10, Kedungdoro, Kec. Genteng, Surabaya, Jawa Timur 60275","Kamis:[09.30â€“23.30],Jumat:[09.30â€“23.30],Sabtu:[09.30â€“23.30],Minggu:[09.30â€“23.30],Senin:[09.30â€“23.30],Selasa:[09.30â€“23.30],Rabu:[09.30â€“23.30]",81316777470,,56,3.6,Tempat Cukur Rambut,-7.260732,112.738258,ChIJM7NIop_51y0RYVbSxCpbwZI,https://lh5.googleusercontent.com/p/AF1QipN3hdy5X4sPvhqgrIEXdn9gDWJHuWBFP3Bp-ODr
73,CLASICO BARBERSHOP EMBONG MALANG,"Jl. Embong Malang No.78H, RT.001/RW.02, Genteng, Kec. Genteng, Surabaya, Jawa Timur 60275","Kamis:[11.00â€“23.00],Jumat:[11.00â€“23.00],Sabtu:[11.00â€“23.00],Minggu:[11.00â€“23.00],Senin:[11.00â€“23.00],Selasa:[11.00â€“23.00],Rabu:[11.00â€“23.00]",,,41,5,Salon Rambut,-7.259,112.7348132,ChIJ6xrR1yr51y0RSOUxhXM_Axg,https://lh5.googleusercontent.com/p/AF1QipMBRUleIOuBAxtGvvSJ5dbV-40yHOO3lsg0GLqh
74,Rumah Ganteng BarberShop,"Jl. Yos Sudarso No.9, Ketabang, Kec. Genteng, Surabaya, Jawa Timur 60275","Kamis:[10.00â€“21.00],Jumat:[10.00â€“21.00],Sabtu:[10.00â€“21.00],Minggu:[10.00â€“21.00],Senin:[Tutup],Selasa:[10.00â€“21.00],Rabu:[10.00â€“21.00]",82240879319,,7,4,Salon Rambut,-7.2626442,112.7466719,ChIJXT8b62P51y0RN4H97YPrZks,https://streetviewpixels-pa.googleapis.com/v1/thumbnail?panoid
75,Zona Barbershop Surabaya,"Jl. Kapasari No.1, Kapasari, Kec. Genteng, Surabaya, Jawa Timur 60273","Kamis:[10.00â€“22.00],Jumat:[10.00â€“22.00],Sabtu:[10.00â€“22.00],Minggu:[10.00â€“22.00],Senin:[10.00â€“22.00],Selasa:[10.00â€“22.00],Rabu:[10.00â€“22.00]",82132253351,,5,4.4,Tempat Cukur Rambut,-7.248147,112.750348,ChIJ61H4nQz51y0RK3Cyet1d-O4,https://lh5.googleusercontent.com/p/AF1QipNyoZyQjFdOtzU0EFIKQh45TS6M6dpMgCsYhylj
76,PAPADOM BARBERSHOP,"Jl. Dukuh Kupang Timur XIV No.37, Pakis, Kec. Sawahan, Surabaya, Jawa Timur 60256","Kamis:[10.00â€“21.00],Jumat:[13.00â€“22.00],Sabtu:[10.00â€“22.00],Minggu:[10.00â€“22.00],Senin:[11.00â€“21.00],Selasa:[10.00â€“21.00],Rabu:[10.00â€“21.00]",81235962707,press@bitly.com,39,4.9,Tempat Cukur Rambut,-7.2848603,112.7182233,ChIJLQjdKhT71y0RnjNXyPMJ4ag,https://lh5.googleusercontent.com/p/AF1QipPvYz02w_boxiK1fXalZc1kX5HFJEEf1m4VrZsJ
77,Pangkas Rambut Praktis Cak Harry,"Jl. Urip Sumoharjo Kel No.22, Embong Kaliasin, Kec. Genteng, Surabaya, Jawa Timur 60265","Kamis:[09.00â€“22.00],Jumat:[09.00â€“22.00],Sabtu:[09.00â€“22.00],Minggu:[09.00â€“22.00],Senin:[09.00â€“22.00],Selasa:[09.00â€“22.00],Rabu:[09.00â€“22.00]",82131624231,,6,4.5,Tempat Cukur Rambut,-7.2739865,112.7418508,ChIJDa8Jrd371y0RQiO3IZOt1HI,https://streetviewpixels-pa.googleapis.com/v1/thumbnail?panoid
78,Paxi - Grand City Mall Surabaya,"PQQ2+76M, Jalan. walikota mustajab/kusuma bangsa Grand city mall LG, Jl. simo rejo XXVIII, Ketabang, Kec. Genteng, Surabaya, Jawa Timur 60281","Kamis:[10.00â€“22.00],Jumat:[10.00â€“22.00],Sabtu:[10.00â€“22.00],Minggu:[10.00â€“22.00],Senin:[10.00â€“22.00],Selasa:[10.00â€“22.00],Rabu:[10.00â€“22.00]",3152405989,,106,4,"Salon Rambut,Salon Kecantikan",-7.261795,112.750542,ChIJiaKmsXz51y0RoQnKCXs-LOw,https://lh3.googleusercontent.com/gps-proxy/ALd4DhGoXMbZqJCtNRyoqfk_tFlr7HnnfySfoZXYH-N3f4_YnyfL4HWxUvFzfJNSiF3vKs40Pm8leIDPb7LHp7U5hSNCKfprC3vXVILBFMLCGFC5n9mK3e6-xU6K3FOpJ1VP80SkF43srV5g1byZ4GGzXVvi9VFFJdUyissvWZc9ms_bt8KDApAXZfkiuseCcnKYvNFCBg
79,SMITH Barbershop,"Jl. Bkr Pelajar No.30b, Ketabang, Kec. Genteng, Surabaya, Jawa Timur 60272","Kamis:[10.00â€“21.00],Jumat:[10.00â€“21.00],Sabtu:[10.00â€“21.00],Minggu:[10.00â€“21.00],Senin:[10.00â€“21.00],Selasa:[10.00â€“21.00],Rabu:[10.00â€“21.00]",81803148869,,2,3.5,Tempat Cukur Rambut,-7.2583774,112.7502548,ChIJERVfhTH51y0R5QYeQfwY8QI,https://lh5.googleusercontent.com/p/AF1QipM3grjqHSvmgt6_hLBASfmFTECZWPZw9ilu4cjh
80,Barber Shop Express,"Jl. Wijaya Kusuma No.17, RT.003/RW.05, Ketabang, Kec. Genteng, Surabaya, Jawa Timur 60272",,,,6,4.8,Tempat Cukur Rambut,-7.2600378,112.7486689,ChIJ6ZAQ8mT51y0RxZE91regW-s,https://streetviewpixels-pa.googleapis.com/v1/thumbnail?panoid
81,Pangkas Rambut Rama,"Jl. Embong Malang No.40, Genteng, Kec. Genteng, Surabaya, Jawa Timur 60261",,,,3,3,Tempat Cukur Rambut,-7.2598187,112.7366971,ChIJm3XXol351y0R0cxR4ZuuE2g,https://lh3.googleusercontent.com/gps-proxy/ALd4DhHVeMuuPUyCRxouoP6bJJPlCXtsfU-v7aiNTVxC7QeQAFwdB6XDEWxblV8ubmzQ5yNMO9m-3FYHjhbp0747otJkiYfabWJeEuguOxYVZc1XG3sQArg4cRkgq6klzRv-DSn5lbziOXF46IuscUM9_ZmhQ1Gix9q4DuX6eXetiQTUqAIyQhIt_h0bLW_hH4HC906frb8
82,Amel Taylor,"Jl. Embong Malang No.55, Genteng, Kec. Genteng, Surabaya, Jawa Timur 60275","Kamis:[09.00â€“20.00],Jumat:[09.00â€“20.00],Sabtu:[09.00â€“20.00],Minggu:[09.00â€“20.00],Senin:[09.00â€“20.00],Selasa:[09.00â€“20.00],Rabu:[09.00â€“20.00]",81357605043,,2,3,Tempat Cukur Rambut,-7.2596257,112.7360838,ChIJtd4lAF351y0RWEof6i1J6i4,https://lh3.googleusercontent.com/gps-proxy/ALd4DhE1LnjoWx2Azo9booVxjatqlGATXYF6lIgoS7-b4kCXBNNdjUY1AnVGnol5AHwq4Sz1KshlC8tMqe0tm6r_qSYsplIdxU1kINer3d4p1JP6Y6N_GoNaREpthhPk8sgRy9PoVz-h0JkCajvJr23LOx77Kaop1I-LjXwN9s9rfnXqdCQrjh1-vLY8xFb-Mi6omezYWZU
83,Potong Rambut Barokah,"Jl. Makam Peneleh No.19, RT.2/RW.5, Peneleh, Kec. Genteng, Surabaya, Jawa Timur 60274","Kamis:[08.30â€“21.30],Jumat:[08.30â€“21.30],Sabtu:[08.30â€“21.30],Minggu:[08.30â€“21.30],Senin:[08.30â€“21.30],Selasa:[08.30â€“21.30],Rabu:[08.30â€“21.30]",87851429285,,9,4.7,"Tempat Cukur Rambut,Salon Rambut",-7.2527218,112.7425201,ChIJrxT-bWn51y0RjuQYdnEOZj4,https://lh5.googleusercontent.com/p/AF1QipNlnoWZTL_4OW0rBi_LciNUWXYFe9fGHqfeHJof
84,Barber Cukur Rambut,"Jl. Tunjungan Gg. I No.20, Genteng, Kec. Genteng, Surabaya, Jawa Timur 60275","Kamis:[09.00â€“21.00],Jumat:[09.00â€“21.00],Sabtu:[09.00â€“21.00],Minggu:[09.00â€“21.00],Senin:[09.00â€“21.00],Selasa:[09.00â€“21.00],Rabu:[09.00â€“21.00]",83832508778,,1,5,Tempat Cukur Rambut,-7.2594851,112.7381518,ChIJmTNmHQD51y0Rupg7kVdN1yc,https://lh5.googleusercontent.com/p/AF1QipPaIvakC3dly9bINWcXl0fw_a1RQJaTYYCWyUw0
85,Gunting Rambut Mas Brow,"Jl. Tambak Dukuh No.11, Kapasari, Kec. Genteng, Surabaya, Jawa Timur 60273","Kamis:[08.00â€“20.00],Jumat:[08.00â€“20.00],Sabtu:[08.00â€“20.00],Minggu:[08.00â€“20.00],Senin:[08.00â€“20.00],Selasa:[08.00â€“20.00],Rabu:[08.00â€“20.00]",8123586061,,2,5,Tempat Cukur Rambut,-7.2510933,112.7510332,ChIJPVSq_m351y0RpAe58nwWMU4,https://streetviewpixels-pa.googleapis.com/v1/thumbnail?panoid
86,Gent's Barbershop,"Ruko, Jl. Babatan Pantai Jl. Kenjeran No.598, Dukuh Sutorejo, Kec. Mulyorejo, Surabaya, Jawa Timur 60113","Kamis:[09.00â€“21.00],Jumat:[09.00â€“21.00],Sabtu:[09.00â€“21.00],Minggu:[09.00â€“21.00],Senin:[09.00â€“21.00],Selasa:[09.00â€“21.00],Rabu:[09.00â€“21.00]",8113326671,,169,4.6,Salon Rambut,-7.2524865,112.7926974,ChIJA77nd-751y0RUTOavIK09Rw,https://lh5.googleusercontent.com/p/AF1QipN9cIY5GShHmTNqqWEtw8BcbNRQK4IGXdBXMQZM
87,Potong Rambut Cahaya,"QP2W+78X, Jl. Undaan Kulon, Peneleh, Kec. Genteng, Surabaya, Jawa Timur 60274",,,,2,5,Tempat Cukur Rambut,-7.2492524,112.7458489,ChIJb_cCY2z51y0RNjF2l26BXcw,https://lh3.googleusercontent.com/gps-proxy/ALd4DhFg3W08GohTv1EFbV-NZ9drtvH543KrImKl_q8Zb8yFTd8MerfWC6jDpB-bzYwbW9ldoRJ44bGXccmWa5EwL8uwWOIuypWrY5Mj8Vi11py69fzonRkhB7HdrzgSsRgKGFHkkLrvBusT7M2UaIeu3I4fAW_CAjtsxePe6jexgeDix31XLWv7uW3WX5WUchCAy2jwPTM
88,Mr.Boss Barbershop Pacar keling,"Jl. Pacar Keling No.15, RT.004/RW.11, Pacar Keling, Kec. Tambaksari, Surabaya, Jawa Timur 60131","Kamis:[11.00â€“22.00],Jumat:[11.00â€“22.00],Sabtu:[11.00â€“22.00],Minggu:[11.00â€“22.00],Senin:[11.00â€“22.00],Selasa:[11.00â€“22.00],Rabu:[11.00â€“22.00]",85100722747,,101,4.6,"Tempat Cukur Rambut,Salon Rambut",-7.2589736,112.7563307,ChIJT5pdOdj51y0RGEtTWjjErzA,https://lh5.googleusercontent.com/p/AF1QipOIQ10hn2Z3_4nXNqBBZ0dEkPpw1hlHbVYE2ktl
89,Pangkas Rambut Mas Day,"Jl. Tambaksari No.43, Tambaksari, Kec. Tambaksari, Surabaya, Jawa Timur 60136","Kamis:[11.00â€“22.00],Jumat:[02.00â€“22.00],Sabtu:[11.00â€“22.00],Minggu:[11.00â€“22.00],Senin:[11.00â€“22.00],Selasa:[11.00â€“22.00],Rabu:[11.00â€“22.00]",85856786981,,130,4.5,Tempat Cukur Rambut,-7.2527789,112.7548397,ChIJhb0AE3H51y0R4SDDA03zuBw,https://lh5.googleusercontent.com/p/AF1QipNEXPvAmDED5nwq1dL5G8Wg_exD-DyqbiwHrpkS
90,al_musa Barbershop,"Jl. Gersikan, Pacar Keling, Kec. Tambaksari, Surabaya, Jawa Timur 60131","Kamis:[08.30â€“22.00],Jumat:[08.30â€“22.00],Sabtu:[08.30â€“22.00],Minggu:[08.30â€“22.00],Senin:[08.30â€“22.00],Selasa:[08.30â€“22.00],Rabu:[08.30â€“22.00]",87774847435,,32,4.7,Tempat Cukur Rambut,-7.2544753,112.7617263,ChIJjTDtQHb51y0R7p-lC22UlCo,https://lh5.googleusercontent.com/p/AF1QipPzBgQKG8evO07O2qzltoprDlJHz3BKqB3JgoIX
91,BarBer Shop Sampoerna,"Jl. Tapak Siring No.14, Pacar Keling, Kec. Tambaksari, Surabaya, Jawa Timur 60131","Kamis:[09.00â€“21.00],Jumat:[09.00â€“21.00],Sabtu:[09.00â€“21.00],Minggu:[09.00â€“21.00],Senin:[09.00â€“21.00],Selasa:[09.00â€“21.00],Rabu:[09.00â€“21.00]",81233372964,,39,4.7,Tempat Cukur Rambut,-7.2619157,112.7533355,ChIJdwOTg1H51y0Rihkl34qIYRw,https://lh5.googleusercontent.com/p/AF1QipOIt7lkVoZswhVZ4VOEJTlnQ2hazhheSemCh4NR
92,Cut Of Hope BarberShop Dharmahusada,"131-135, Jl. Kedung Sroko No.131, RT.009/RW.03, Pacar Kembang, Kec. Tambaksari, Surabaya, Jawa Timur 60132","Kamis:[11.00â€“22.00],Jumat:[13.00â€“22.00],Sabtu:[11.00â€“22.00],Minggu:[11.00â€“22.00],Senin:[11.00â€“22.00],Selasa:[11.00â€“22.00],Rabu:[11.00â€“22.00]",82331931660,,41,5,Tempat Cukur Rambut,-7.2655294,112.760439,ChIJcafbLHj51y0RNm8qpAIx9O8,https://lh5.googleusercontent.com/p/AF1QipMwFFKJJ4VMhYzy9Q9-JgWqGYI1c3feCFabHOkd
93,Bagus Haircut & Barbershop,"Jl. Setro Gg. V No.24a, Gading, Kec. Tambaksari, Surabaya, Jawa Timur 60134","Kamis:[18.00â€“22.00],Jumat:[18.00â€“22.00],Sabtu:[Tutup],Minggu:[18.00â€“22.00],Senin:[18.00â€“22.00],Selasa:[18.00â€“22.00],Rabu:[18.00â€“22.00]",88234174370,,23,5,Tempat Cukur Rambut,-7.2434343,112.773297,ChIJdwCWfZj51y0RyYzdid_7Iwc,https://lh5.googleusercontent.com/p/AF1QipNWWQdFjLmZoHl3bAHVzVyfXVDoPOrpv_oDoZPm
94,Oscar Barbershop,"A, Jl. Kapas Madya II No.54, Gading, Kec. Tambaksari, Surabaya, Jawa Timur 60153","Kamis:[09.00â€“12.00],Jumat:[09.00â€“12.00],Sabtu:[09.00â€“12.00],Minggu:[09.00â€“12.00],Senin:[09.00â€“12.00],Selasa:[09.00â€“12.00],Rabu:[09.00â€“12.00]",85641935186,,111,4.5,Tempat Cukur Rambut,-7.2368589,112.7680928,ChIJy6Ukcqb51y0RjEBomPdBvE0,https://lh5.googleusercontent.com/p/AF1QipNE9X5h6eUWDMXyOfSrwVqZEdk5VdAdr2vSqDki
95,WAROONG CUKUR BARBERSHOP,"Gg. Masjid Jl. Gersikan No.47, RT.003/RW.07, Pacar Keling, Kec. Tambaksari, Surabaya, Jawa Timur 60131","Kamis:[10.00â€“22.00],Jumat:[18.00â€“22.00],Sabtu:[10.00â€“22.00],Minggu:[10.00â€“22.00],Senin:[10.00â€“22.00],Selasa:[10.00â€“22.00],Rabu:[10.00â€“22.00]",85785757965,,29,5,"Tempat Cukur Rambut,Salon Rambut",-7.2671234,112.7527835,ChIJ795agNf71y0RamVHcVLucP0,https://lh5.googleusercontent.com/p/AF1QipN-YUmp4V7Vrkt492vdKcF2B40ZRp_3wQGIdVd8
96,Morven Barbershop Ploso,"Jl. Ploso Baru No.20a, Pacar Kembang, Kec. Tambaksari, Surabaya, Jawa Timur 60133","Kamis:[12.00â€“22.00],Jumat:[13.00â€“22.00],Sabtu:[12.00â€“22.00],Minggu:[12.00â€“22.00],Senin:[12.00â€“22.00],Selasa:[12.00â€“22.00],Rabu:[12.00â€“22.00]",8170823319,,20,4.5,Tempat Cukur Rambut,-7.2589417,112.7738133,ChIJLzjuFxT51y0RayfVbtCqpGA,https://lh5.googleusercontent.com/p/AF1QipM6jAqUiutxTJGuem0Aj9N-aO7gK1DUuxAjtGQY
97,Mr.Mbois Barbershop Kalijudan,"Jl. Kalijudan No.9A, Pacar Kembang, Kec. Tambaksari, Surabaya, Jawa Timur 60132","Kamis:[10.00â€“22.00],Jumat:[10.00â€“22.00],Sabtu:[10.00â€“22.00],Minggu:[10.00â€“22.00],Senin:[10.00â€“22.00],Selasa:[10.00â€“22.00],Rabu:[10.00â€“22.00]",81332422288,,123,4.4,Tempat Cukur Rambut,-7.2623811,112.7739048,ChIJG7UCjk751y0RsMX6B44Ndoo,https://lh5.googleusercontent.com/p/AF1QipPGOhecTv0VX_vOM2-Vx6B3AKEJoXMGHwEAF5I8
98,Sobat barbershop PLOSO,"Jl. Ploso Baru No.110A, Pacar Kembang, Kec. Tambaksari, Surabaya, Jawa Timur 60134","Kamis:[10.00â€“21.00],Jumat:[11.00â€“21.00],Sabtu:[10.00â€“21.00],Minggu:[11.00â€“18.00],Senin:[10.00â€“21.00],Selasa:[10.00â€“21.00],Rabu:[10.00â€“21.00]",81953356787,,47,4.7,Salon Rambut,-7.2569833,112.7711925,ChIJpU2_JzX51y0RJNKWaSil4Ek,https://lh5.googleusercontent.com/p/AF1QipNvoSTcVArTgisDAj6twk9e7J0OQv_8zgqATpib
99,Lynford Barbershop #4 - Graha Natura,"Graha Natura BS 09, Surabaya, Jawa Timur 60216","Kamis:[09.00â€“21.00],Jumat:[09.00â€“21.00],Sabtu:[09.00â€“21.00],Minggu:[09.00â€“21.00],Senin:[09.00â€“21.00],Selasa:[09.00â€“21.00],Rabu:[09.00â€“21.00]",8113330114,lynfordbarbershop@gmail.com,183,5,Tempat Cukur Rambut,-7.2789361,112.66071,ChIJD2gUHdT91y0R3fP-bfPVzfE,https://lh5.googleusercontent.com/p/AF1QipP8QPD8cqhvuy18YCkdHzs-H5wGU8BcoaOFkuaQ
100,PANGKAS RAMBUT MAS DAY,"38, Jl. Lb. Jaya Utara No.3C, Gading, Kec. Tambaksari, Surabaya, Jawa Timur 60134","Kamis:[11.00â€“22.00],Jumat:[14.00â€“22.00],Sabtu:[11.00â€“22.00],Minggu:[11.00â€“22.00],Senin:[11.00â€“22.00],Selasa:[11.00â€“22.00],Rabu:[11.00â€“22.00]",81333815151,,22,4.8,Tempat Cukur Rambut,-7.2404387,112.7786259,ChIJnSS--VT51y0RZdstGcFiSHU,https://lh5.googleusercontent.com/p/AF1QipMF2yi4Wwkrx5nDCU5xK7bsVy-ueaYJnyvLy8nD
101,Captain Barbershop,"Ruko Central Park, Jl. Raya Mulyosari No.AA 10, Kalisari, Kec. Mulyorejo, Surabaya, Jawa Timur 60112","Kamis:[10.00â€“21.00],Jumat:[10.00â€“21.00],Sabtu:[10.00â€“21.00],Minggu:[10.00â€“21.00],Senin:[10.00â€“21.00],Selasa:[10.00â€“21.00],Rabu:[10.00â€“21.00]",8113000827,,849,4.8,Tempat Cukur Rambut,-7.2659973,112.7961894,ChIJbUmz1QL71y0RXn04PbTVo1A,https://lh5.googleusercontent.com/p/AF1QipNNQrFtLPQ9eQ4tCh4uUmdRn_WLR0l-GOPHF_7Q
102,GoodFellas Barbershop Intro,"No.19, Blok RR, Jl. Dharmahusada Indah Timur, Mulyorejo, Kec. Mulyorejo, Surabaya, Jawa Timur 60115","Kamis:[10.00â€“21.00],Jumat:[10.00â€“21.00],Sabtu:[10.00â€“21.00],Minggu:[10.00â€“21.00],Senin:[10.00â€“21.00],Selasa:[10.00â€“21.00],Rabu:[10.00â€“21.00]",81255556664,,256,4.8,Tempat Cukur Rambut,-7.2730519,112.7820368,ChIJn2P8bCP61y0Rdl_-YQRmVfA,https://lh5.googleusercontent.com/p/AF1QipNvBR5N31-HVP93WaVv59plxtF8IzcD-t8m9xd-
103,The Gentleman Barbershop Mulyosari,"Jl. Raya Mulyosari No.141, Kalisari, Kec. Mulyorejo, Surabaya, Jawa Timur 60112","Kamis:[10.00â€“21.30],Jumat:[10.00â€“21.30],Sabtu:[10.00â€“21.30],Minggu:[10.00â€“21.30],Senin:[10.00â€“21.30],Selasa:[10.00â€“21.30],Rabu:[10.00â€“21.30]",82233222900,,365,4.4,Tempat Cukur Rambut,-7.2686662,112.796578,ChIJjbMFmxz61y0Rj9Pqu69_VUw,https://lh5.googleusercontent.com/p/AF1QipNp3cJO5z_m4UEXK3UawGuvYZ_bfGOSKMErhqjU
104,Cutbox 2.0 Mulyosari,"Jl. Raya Mulyosari No.99, Kalisari, Kec. Mulyorejo, Surabaya, Jawa Timur 60112","Kamis:[11.00â€“20.00],Jumat:[11.00â€“20.00],Sabtu:[11.00â€“20.00],Minggu:[11.00â€“20.00],Senin:[11.00â€“20.00],Selasa:[11.00â€“20.00],Rabu:[11.00â€“20.00]",81330644748,,58,4.5,Tempat Cukur Rambut,-7.264366,112.7959577,ChIJ3wc82Tf71y0RaRlQ2BHQHbc,https://lh5.googleusercontent.com/p/AF1QipNZNnfFKrqRH7Htwg4iooDWVbj187wNHFDNLZE
105,ELEGANCE BARBERSHOP,"Jl. Kalisari Utara I No.121 N1, Kalisari, Mulyorejo, Surabaya, East Java 60114","Kamis:[10.00â€“21.00],Jumat:[10.00â€“21.00],Sabtu:[10.00â€“21.00],Minggu:[10.00â€“21.00],Senin:[10.00â€“21.00],Selasa:[10.00â€“21.00],Rabu:[10.00â€“21.00]",83174777771,,34,4.8,Tempat Cukur Rambut,-7.2653769,112.8062274,ChIJNQQFvQH61y0R4DYyvb0PM1c,https://lh5.googleusercontent.com/p/AF1QipMP70RtWfIN1nkXdk4sRS2XJtF5tLNEvXfh6ial
106,Insight Barbershop,"San Diego Main Street Blok MR1 No 12/23 Pakuwon City Sukolilo, Kalisari, Kec. Mulyorejo, Surabaya, Jawa Timur 60112","Kamis:[10.00â€“21.00],Jumat:[10.00â€“21.00],Sabtu:[10.00â€“21.00],Minggu:[10.00â€“21.00],Senin:[10.00â€“21.00],Selasa:[10.00â€“21.00],Rabu:[10.00â€“21.00]",81268524676,,272,4.6,Tempat Cukur Rambut,-7.2698647,112.8053517,ChIJlzyGvQb61y0RKxScjv7YE08,https://lh5.googleusercontent.com/p/AF1QipOF2MPL8IBVBkix-b67k5rV1JBgsFHaOjvSiqxb
107,SEVENCUT BARBERSHOP,"Ruko San Antonio N1 No, 120, Kalisari, Kec. Mulyorejo, Surabaya, Jawa Timur 60112","Kamis:[10.00â€“21.00],Jumat:[10.00â€“21.00],Sabtu:[10.00â€“21.00],Minggu:[10.00â€“21.00],Senin:[10.00â€“21.00],Selasa:[10.00â€“21.00],Rabu:[10.00â€“21.00]",81237293377,,68,4.7,Tempat Cukur Rambut,-7.2650974,112.8060358,ChIJvWSRgAT71y0RhnTncVIUb9Y,https://lh5.googleusercontent.com/p/AF1QipNo2arbRbzZdXFwxSPOnWSKqgfjKqECBFRXshBX
108,6's Cut Barbershop,"Jl. Manyar Sabrangan No.118, Manyar Sabrangan, Kec. Mulyorejo, Surabaya, Jawa Timur 60116","Kamis:[Tutup],Jumat:[13.00â€“21.00],Sabtu:[13.00â€“21.00],Minggu:[13.00â€“21.00],Senin:[13.00â€“21.00],Selasa:[13.00â€“21.00],Rabu:[13.00â€“21.00]",81331708533,,48,4.4,Tempat Cukur Rambut,-7.2823022,112.7674028,ChIJJw0UODT61y0Rto6Yuw5kPrU,https://lh5.googleusercontent.com/p/AF1QipPKMOuKT8SRwsYMlZMlaptDpqaGRcGVsslg8IZZ
109,Pangkas Rambut Anda,"Jl. Wisma Permai I No.165, Mulyorejo, Kec. Mulyorejo, Surabaya, Jawa Timur 60115","Kamis:[10.00â€“22.00],Jumat:[Tutup],Sabtu:[10.00â€“22.00],Minggu:[10.00â€“22.00],Senin:[10.00â€“22.00],Selasa:[10.00â€“22.00],Rabu:[10.00â€“22.00]",85731426867,,39,4.3,Tempat Cukur Rambut,-7.2733979,112.7974304,ChIJPdTsvBr61y0R8bhZulO0IK8,https://lh5.googleusercontent.com/p/AF1QipPTe-xXYBbIpDdt04sBvOUKQn267FzC4wNN_fIT
110,Doctor Pangkas Rambut,"Jl. Raya Tempurejo No.2 E, Dukuh Sutorejo, Kec. Mulyorejo, Surabaya, Jawa Timur 60113","Kamis:[09.30â€“21.30],Jumat:[Tutup],Sabtu:[09.30â€“21.30],Minggu:[09.30â€“21.30],Senin:[09.30â€“21.30],Selasa:[09.30â€“21.30],Rabu:[09.30â€“21.30]",85261616900,,23,4.7,Tempat Cukur Rambut,-7.253647,112.795312,ChIJHWovLO751y0R0KJFdSifN0I,https://lh5.googleusercontent.com/p/AF1QipN5tatHheJv_3-1YgC33GgEvOzGvwkOkTeDSyGM
111,GoodFellas Barbershop Klampis,"Ruko, Jl. Arief Rahman Hakim No.51, Klampis Ngasem, Kec. Sukolilo, Surabaya, Jawa Timur 60117","Kamis:[09.00â€“21.00],Jumat:[09.00â€“21.00],Sabtu:[09.00â€“21.00],Minggu:[09.00â€“21.00],Senin:[09.00â€“21.00],Selasa:[09.00â€“21.00],Rabu:[09.00â€“21.00]",81255556665,,656,4.7,Tempat Cukur Rambut,-7.2893831,112.7758889,ChIJpdYSFEb61y0ROoHx3PFOH9Y,https://lh5.googleusercontent.com/p/AF1QipMAG0RaCCKiT7TCYJ07QUTN39jbNKzh0c6ZmLJs
112,Mahkota Jaya Barbershop,"Jl. Mulyorejo No.168C, Mulyorejo, Kec. Mulyorejo, Surabaya, Jawa Timur 60115","Kamis:[09.00â€“21.00],Jumat:[09.00â€“21.00],Sabtu:[09.00â€“21.00],Minggu:[09.00â€“21.00],Senin:[09.00â€“21.00],Selasa:[09.00â€“21.00],Rabu:[09.00â€“21.00]",,,16,4.8,Tempat Cukur Rambut,-7.263087,112.7846293,ChIJ-QBl7or51y0RcyzSDQ3hxno,https://lh5.googleusercontent.com/p/AF1QipP2SGQmk4O0TQNxpoh-BJZrevG0yVXmQ2tp36b2
113,Tris Potong Rambut,"Jl. Mulyorejo No.38, Mulyorejo, Kec. Mulyorejo, Surabaya, Jawa Timur 60115","Kamis:[09.00â€“20.00],Jumat:[09.00â€“20.00],Sabtu:[09.00â€“20.00],Minggu:[09.00â€“20.00],Senin:[09.00â€“20.00],Selasa:[09.00â€“20.00],Rabu:[09.00â€“20.00]",85655023995,,19,4.7,Tempat Cukur Rambut,-7.26454,112.77827,ChIJF1Ky0Yn51y0RMdDPLJlvIuE,https://lh3.googleusercontent.com/gps-proxy/ALd4DhHnhOy0De8CukMQ0RPPYuVuAKCaIpm7CzrLuEJ2XaO-bGUqxrPxCH5yK-tq6zKcBBU1TrPgz94jL6m2_uEFiEHovcMdG64xzJSbcpzRyhvnWl549wXmNRYe4Cski-0AreWfP0NrrowOtcZvPnFKiBIctwmZu15THBb1yAq9c7GGjhzlTkmu0UCspodM2kDpmBXYSw
114,Pangkas Rambut Merdeka Jaya,"Jl. Raya Mulyosari No.28, Kalisari, Kec. Mulyorejo, Surabaya, Jawa Timur 60112","Kamis:[08.00â€“21.00],Jumat:[08.00â€“21.00],Sabtu:[08.00â€“21.00],Minggu:[08.00â€“21.00],Senin:[08.00â€“21.00],Selasa:[08.00â€“21.00],Rabu:[08.00â€“21.00]",81332284280,,36,4,Tempat Cukur Rambut,-7.2590478,112.7953883,ChIJbcYyOxH71y0R1jdR1jlaBeo,https://lh5.googleusercontent.com/p/AF1QipNi-rNZb3yxlV3w2UQ788ZXBaDd3I2FtZYPfvcF
115,Faqih Barbershop,"Jl. Mulyorejo Tengah No.3A, Mulyorejo, Kec. Mulyorejo, Surabaya, Jawa Timur 60115","Kamis:[16.00â€“00.00],Jumat:[16.00â€“00.00],Sabtu:[16.00â€“00.00],Minggu:[16.00â€“00.00],Senin:[16.00â€“00.00],Selasa:[16.00â€“00.00],Rabu:[16.00â€“00.00]",85704219763,,8,4.8,Tempat Cukur Rambut,-7.2650589,112.7789822,ChIJP6_P6Az71y0RMLyl1Fp3iZA,https://lh5.googleusercontent.com/p/AF1QipM6gLQRCkR-5AKOC-kOvqmmivvGF1SXW-CWwcpH
116,AIBY.S Barbershop,"Jl. Mulyorejo Barat No.226-48, Mulyorejo, Kec. Mulyorejo, Surabaya, Jawa Timur 60115","Kamis:[09.00â€“22.30],Jumat:[09.00â€“22.30],Sabtu:[09.00â€“22.30],Minggu:[09.00â€“22.30],Senin:[09.00â€“22.30],Selasa:[09.00â€“22.30],Rabu:[09.00â€“22.30]",82257313371,,15,5,Salon Rambut,-7.2682356,112.7753963,ChIJ8_HyLib61y0RXC3fst1R6H4,https://lh5.googleusercontent.com/p/AF1QipOOiN5IWh7DFaUK4h0UK0Nb_ByiAfGpoEucdGEy
117,Monochrome barbershop,"Jl. Raya Mulyosari No.98, Kalisari, Kec. Mulyorejo, Surabaya, Jawa Timur 60112","Kamis:[10.00â€“21.00],Jumat:[10.00â€“21.00],Sabtu:[10.00â€“21.00],Minggu:[10.00â€“21.00],Senin:[10.00â€“21.00],Selasa:[10.00â€“21.00],Rabu:[10.00â€“21.00]",,,12,4.6,Tempat Cukur Rambut,-7.2633495,112.7954094,ChIJV_a9Arn51y0Ra4MqJoSIbK4,https://lh5.googleusercontent.com/p/AF1QipMWhpl8K2gxcYoBmBWnzeTHM1lc2k0D2713_PCu
118,Captain Barbershop Premiere Surabaya,"Jl. Dharmahusada No.189, RT.001/RW.04, Mojo, Kec. Gubeng, Surabaya, Jawa Timur 60285","Kamis:[10.00â€“21.00],Jumat:[10.00â€“21.00],Sabtu:[10.00â€“21.00],Minggu:[10.00â€“21.00],Senin:[10.00â€“21.00],Selasa:[10.00â€“21.00],Rabu:[10.00â€“21.00]",81234441070,cs@captainbarbershop.co.id,1924,4.9,Tempat Cukur Rambut,-7.2672957,112.7707462,ChIJPfd11qj71y0RxG5BR7DD5ZE,https://lh5.googleusercontent.com/p/AF1QipO1uFVTSZ-ACtXCPJsvmj23yhwtLBwmQtnhpMlD
119,Star Barbershop,"Jl. Pd. Benowo Indah No.35, Babat Jerawat, Kec. Benowo, Surabaya, Jawa Timur 60197","Kamis:[11.00â€“22.00],Jumat:[11.00â€“22.00],Sabtu:[11.00â€“22.00],Minggu:[11.00â€“22.00],Senin:[11.00â€“22.00],Selasa:[11.00â€“22.00],Rabu:[11.00â€“22.00]",82199643062,,58,4.2,"Tempat Cukur Rambut,Salon Rambut",-7.23901,112.6297919,ChIJE5XSQy7-1y0R8tzyo0JLFDg,https://lh5.googleusercontent.com/p/AF1QipNx0NbISAjGvhiwMx0xTn0H_aT1hpcd-0d-WrsE
120,Sabian Barber Soccer,"Jl. Pertokoan Jl. Pd. Benowo Indah No.A6, Babat Jerawat, Kec. Pakal, Surabaya, Jawa Timur 60196","Kamis:[10.00â€“22.00],Jumat:[10.00â€“22.00],Sabtu:[10.00â€“22.00],Minggu:[10.00â€“22.00],Senin:[10.00â€“22.00],Selasa:[10.00â€“22.00],Rabu:[10.00â€“22.00]",82234815926,,57,4.8,Tempat Cukur Rambut,-7.2414686,112.6286428,ChIJv8Ot9s3_1y0RlpM5wh_pc9Q,https://lh5.googleusercontent.com/p/AF1QipOSPrCkday2UuVpQ_jWeFk7k37p-0-aFW0KwjbG
121,Potong rambut Alif,"Jl. Bandarejo Sawah No.19, Sememi, Kec. Benowo, Surabaya, Jawa Timur 60198","Kamis:[09.00â€“22.00],Jumat:[09.00â€“22.00],Sabtu:[09.00â€“22.00],Minggu:[09.00â€“22.00],Senin:[09.00â€“22.00],Selasa:[09.00â€“22.00],Rabu:[09.00â€“22.00]",81333772973,,10,5,Tempat Cukur Rambut,-7.2518343,112.6445102,ChIJ-VmgJYX_1y0RjGDRdlmehQY,https://lh5.googleusercontent.com/p/AF1QipMZ5tOdlRSE8Fxb7jseQmi-ExDj7L74NJKc5JBx
122,"\MBOIS haircut\""""","Jl. Kendung No.270, Sememi, Kec. Benowo, Surabaya, Jawa Timur 60198","Kamis:[09.00â€“21.00],Jumat:[09.00â€“21.00],Sabtu:[09.00â€“21.00],Minggu:[09.00â€“21.00],Senin:[09.00â€“21.00],Selasa:[09.00â€“21.00],Rabu:[09.00â€“21.00]",82232326967,,19,4.8,Tempat Cukur Rambut,-7.2599258,112.6347569,ChIJmbM72nj_1y0RDn9uMO-ci24,https://lh5.googleusercontent.com/p/AF1QipMx1WGDHXFut3qZ4y3ukpC7vsJK1gGoNSeiLxbl
123,King barbershop,"Jl. Kendung No.58, Sememi, Kec. Benowo, Surabaya, Jawa Timur 60198","Kamis:[10.00â€“22.00],Jumat:[10.00â€“22.00],Sabtu:[08.00â€“22.00],Minggu:[10.00â€“11.00],Senin:[10.00â€“22.00],Selasa:[10.00â€“22.00],Rabu:[10.00â€“22.00]",83174569866,,16,4.4,Tempat Cukur Rambut,-7.258782,112.6349591,ChIJEbfEDW__1y0RlGi9xUQwRUg,https://lh5.googleusercontent.com/p/AF1QipN8F-SAoX_l2EvZj2GTRxBwSYK3Wjo-sID9-nRo
124,Mopen barbershop,"Jl. Raya Klakah Rejo No.1 No.15, Kandangan, Kec. Benowo, Surabaya, Jawa Timur 60198","Kamis:[Tutup],Jumat:[10.04â€“04.00],Sabtu:[10.05â€“22.05],Minggu:[10.05â€“22.05],Senin:[10.03â€“22.03],Selasa:[10.03â€“22.03],Rabu:[10.04â€“22.04]",85319144525,,16,4.9,Salon Rambut,-7.2520774,112.6435868,ChIJW_xnl-j_1y0ReGJj9J-5tyE,https://lh5.googleusercontent.com/p/AF1QipMSmAzaAnpf_Ogj8z_FbRMKVOCs0wHgEZG1LnMH
125,18 GENTLEMAN BARBERSHOP SURABAYA,"Ruko palma galeria, Jl. Alas Malang RB5/16, Sememi, Kec. Benowo, Surabaya, Jawa Timur 60191","Kamis:[09.00â€“21.00],Jumat:[09.00â€“21.00],Sabtu:[09.00â€“21.00],Minggu:[09.00â€“21.00],Senin:[09.00â€“21.00],Selasa:[09.00â€“21.00],Rabu:[09.00â€“21.00]",81233650002,,13,4.8,Tempat Cukur Rambut,-7.2619312,112.6349362,ChIJCbc8mVj_1y0RvqJ-6Nt-KVc,https://lh5.googleusercontent.com/p/AF1QipN9IkB5a95aLYZ6SNQ40OX_VgmQW371oSyCrn4S
126,RAJA CUKUR BARBERSHOP Surabaya cab. manukan,"Jl. Manukan Lor III, Manukan Kulon, Kec. Tandes, Surabaya, Jawa Timur 60185","Kamis:[13.00â€“21.00],Jumat:[13.00â€“21.00],Sabtu:[13.00â€“21.00],Minggu:[01.00â€“21.00],Senin:[13.00â€“21.00],Selasa:[13.00â€“21.00],Rabu:[13.00â€“21.00]",8113452200,,42,4.5,Tempat Cukur Rambut,-7.2600067,112.6654805,ChIJF8KSsFD_1y0R8fCmvh3GeeA,https://lh5.googleusercontent.com/p/AF1QipNOIbfyTkgaQnHsdqHSD4M4dfI-yVwv5LEXiNPi
127,Cukur rambut wijaya,"Jl. Wonorejo I No.18, Manukan Kulon, Kec. Tandes, Surabaya, Jawa Timur 60185","Kamis:[10.00â€“23.00],Jumat:[10.00â€“23.00],Sabtu:[10.00â€“23.00],Minggu:[10.00â€“23.00],Senin:[10.00â€“23.00],Selasa:[10.00â€“23.00],Rabu:[10.00â€“23.00]",85648432842,,27,4.8,Tempat Cukur Rambut,-7.267899,112.6643972,ChIJG_CgCDn_1y0RPe8dhX86QrM,https://lh5.googleusercontent.com/p/AF1QipMnpu3bBjGNzQNSfcb_Lrlzg2kHThGHHPmCSqEm
128,The Xaquille Barbershop,"QJ5H+XHQ, Babat Jerawat, Kec. Pakal, Surabaya, Jawa Timur","Kamis:[11.00â€“21.00],Jumat:[11.00â€“21.00],Sabtu:[11.00â€“21.00],Minggu:[11.00â€“21.00],Senin:[11.00â€“21.00],Selasa:[11.00â€“21.00],Rabu:[11.00â€“21.00]",85210244723,,13,4.7,Tempat Cukur Rambut,-7.2400375,112.6289945,ChIJaV6qkwr_1y0RpLvfASIuLaM,https://lh5.googleusercontent.com/p/AF1QipOfRT4pMPgh0dVTcizuK9Vzd_Zh34daeLTXQRiz
129,Ferro barbershop,,,83849009004,,160,4.9,"Tempat Cukur Rambut,Service establishment",-6.914709,113.5832404,ChIJBZ0-w3KCeC4RxNw_n_u1eKY,https://lh5.googleusercontent.com/p/AF1QipN1qTQI-vT5RX0e7VQTyf2uRL_DrG9oksz_ZAQ8
130,AYSBARBERSHOP,"Jl. Raya Tandes Lor No.12B, RW.1, Karangpoh, Kec. Tandes, Surabaya, Jawa Timur 60186","Kamis:[09.00â€“23.00],Jumat:[09.00â€“23.00],Sabtu:[09.00â€“23.00],Minggu:[09.00â€“23.00],Senin:[09.00â€“23.00],Selasa:[09.00â€“23.00],Rabu:[09.00â€“23.00]",,,39,5,Tempat Cukur Rambut,-7.2586225,112.6799608,ChIJSUCTKgD_1y0RiRLprp6STN0,https://lh5.googleusercontent.com/p/AF1QipNSlw47nefYUi5_8Bo1EVyZfRYeYYzskHt8s5wH
131,Barbershop Ungu,"Jl. Manukan Madya No.89, Manukan Kulon, Kec. Tandes, Surabaya, Jawa Timur 60185","Kamis:[09.30â€“21.00],Jumat:[09.30â€“21.00],Sabtu:[09.30â€“21.00],Minggu:[09.30â€“21.00],Senin:[09.30â€“21.00],Selasa:[09.30â€“21.00],Rabu:[09.30â€“21.00]",85648007149,,196,4.7,Salon Rambut,-7.260401,112.671652,ChIJqUjcMbj_1y0R5CDeUWN6jwg,https://lh5.googleusercontent.com/p/AF1QipO6OV5AESCwFHxsgqBDdf46dkm1GWy1lY8HBn4
132,The big L barbershop,"Jl. Manukan Tengah No.6j no 17, Manukan Kulon, Kec. Tandes, Surabaya, Jawa Timur 60185","Kamis:[10.00â€“21.00],Jumat:[13.00â€“21.00],Sabtu:[10.00â€“21.00],Minggu:[10.00â€“21.00],Senin:[10.00â€“21.00],Selasa:[10.00â€“21.00],Rabu:[10.00â€“21.00]",81357767856,,19,5,Tempat Cukur Rambut,-7.2650199,112.6638297,ChIJ8eYAF-P_1y0R59_TdlCtYNY,https://lh5.googleusercontent.com/p/AF1QipOUkkT3K0mWGKP_BMKsHUyCz07j1wFyvltlhb9q
133,REPUBLIC PUNTADEWA BARBERSHOP MANUKAN,"Jl. Manukan Tengah No.9K, RW.3, Manukan Kulon, Kec. Tandes, Surabaya, Jawa Timur 60185","Kamis:[10.00â€“22.00],Jumat:[10.00â€“22.00],Sabtu:[10.00â€“22.00],Minggu:[10.00â€“22.00],Senin:[10.00â€“22.00],Selasa:[10.00â€“22.00],Rabu:[10.00â€“22.00]",82210792006,,28,4.5,Salon Rambut,-7.2647812,112.6624619,ChIJtZOutHz_1y0RfW8NLjrz7Ns,https://lh5.googleusercontent.com/p/AF1QipNtDC-vsaJAEFQ2xARxhvbPOOfJv9vJR9qvBTFs
134,Pangkas Rambut ABS ( Asia BarberShop ),"Jl. Manukan Tengah No.6J No. 6, Manukan Kulon, Kec. Tandes, Surabaya, Jawa Timur 60185","Kamis:[09.00â€“00.00],Jumat:[09.00â€“00.00],Sabtu:[09.00â€“22.00],Minggu:[09.00â€“22.00],Senin:[09.00â€“00.00],Selasa:[09.00â€“00.00],Rabu:[09.00â€“00.00]",81235911919,,14,4.3,Tempat Cukur Rambut,-7.2650485,112.6638468,ChIJjW8rmWL-1y0RLrxK-2NHuQk,https://lh5.googleusercontent.com/p/AF1QipMZdJkf695DUXWQrQUYdgJaq9EIUPPmom4uO4AX
135,MT BARBERSHOP,"Jl. AMD, Manukan Kulon, Kec. Tandes, Surabaya, Jawa Timur 60185","Kamis:[10.00â€“21.00],Jumat:[10.00â€“21.00],Sabtu:[10.00â€“21.00],Minggu:[10.00â€“21.00],Senin:[10.00â€“21.00],Selasa:[10.00â€“21.00],Rabu:[10.00â€“21.00]",85888842342,,10,5,Tempat Cukur Rambut,-7.2587792,112.6719869,ChIJddwXwdj_1y0RtgDkhmC2ul8,https://lh5.googleusercontent.com/p/AF1QipMuI-yNOS4zqo7XrJ5Q25BLKzZX_fESwP7H-ImP
136,The Original Barbershop (Darmo Permai),"Jl. Raya Darmo Permai I No.57, Pradahkalikendal, Kec. Dukuhpakis, Surabaya, Jawa Timur 60226","Kamis:[10.00â€“21.00],Jumat:[10.00â€“21.00],Sabtu:[10.00â€“21.00],Minggu:[10.00â€“21.00],Senin:[10.00â€“21.00],Selasa:[10.00â€“21.00],Rabu:[10.00â€“21.00]",8113771377,,450,4.9,Tempat Cukur Rambut,-7.281418,112.6961483,ChIJWVE7sST91y0Ra1xi4Hh8mHg,https://lh5.googleusercontent.com/p/AF1QipP6CHRkPQCwvpSOgHJWQnU80JF2t97jXRnbfAOe
137,Captain Barbershop Darmo Permai,"Jl. Simpang Darmo Permai Utara No.29, Lontar, Kec. Sambikerep, Surabaya, Jawa Timur 60188","Kamis:[10.00â€“21.00],Jumat:[10.00â€“21.00],Sabtu:[10.00â€“21.00],Minggu:[10.00â€“21.00],Senin:[10.00â€“21.00],Selasa:[10.00â€“21.00],Rabu:[10.00â€“21.00]",81389006280,cs@captainbarbershop.co.id,2240,5,Tempat Cukur Rambut,-7.2778078,112.6831375,ChIJAYax1kr91y0Rb9uGy_1OLkk,https://lh5.googleusercontent.com/p/AF1QipOKYWPRl7fNvyfIpmIAYI1US9PKwH9OZwQAzyNY
138,Capitol Barbershop & Coffee,"Ruko No. 9, Jl. Raya Darmo Permai II No.56, Pradahkalikendal, Dukuhpakis, Surabaya, East Java 60226","Kamis:[10.00â€“21.00],Jumat:[10.00â€“21.00],Sabtu:[10.00â€“21.00],Minggu:[10.00â€“21.00],Senin:[10.00â€“21.00],Selasa:[10.00â€“21.00],Rabu:[10.00â€“21.00]",85330700777,,107,4.6,Tempat Cukur Rambut,-7.2808337,112.6848374,ChIJf7UjWzv81y0R1dodrt05ZOU,https://lh5.googleusercontent.com/p/AF1QipOK0wsqCkQbwy0x0DMe9TY9mvA0F68o9kkWsA-g
139,Nasa Barbershop,"Gg. 1 No.30, Manukan Kulon, Kec. Tandes, Surabaya, Jawa Timur 60185","Kamis:[11.00â€“21.00],Jumat:[11.00â€“21.00],Sabtu:[10.00â€“21.00],Minggu:[10.00â€“21.00],Senin:[11.00â€“21.00],Selasa:[11.00â€“21.00],Rabu:[11.00â€“21.00]",85704326330,,8,4.4,Tempat Cukur Rambut,-7.2681432,112.6633569,ChIJ7d9ga_f_1y0RsNrGlqxDYtw,https://lh5.googleusercontent.com/p/AF1QipPVboCzLmbSgiSvhdOPP8UDlhyzFajqOuEr_fxX
140,GALLERY BARBERSHOP,"Jl. Balongsari Tama Utara I No.17, Karangpoh, Kec. Tandes, Surabaya, Jawa Timur 60186","Kamis:[08.00â€“22.00],Jumat:[08.00â€“22.00],Sabtu:[08.00â€“22.00],Minggu:[08.00â€“22.00],Senin:[08.00â€“22.00],Selasa:[08.00â€“22.00],Rabu:[08.00â€“22.00]",82132474132,,15,4.5,Salon Rambut,-7.2611669,112.6790646,ChIJj8CmgeX_1y0R14D0JCjqK1w,https://lh5.googleusercontent.com/p/AF1QipM7srkDGgK7Ji6krARL8ahLg0TJxkhx5iCYVxI
141,Barbershop syahdanjay,"Jl. Raya Manukan Kulon No.28, Manukan Kulon, Kec. Tandes, Surabaya, Jawa Timur 60185","Kamis:[10.00â€“22.00],Jumat:[10.00â€“22.00],Sabtu:[10.00â€“22.00],Minggu:[10.00â€“22.00],Senin:[10.00â€“22.00],Selasa:[10.00â€“22.00],Rabu:[10.00â€“22.00]",85784046645,,6,4.7,Tempat Cukur Rambut,-7.2570521,112.6685345,ChIJ19BgYmT_1y0RZVsQPgG4ioM,https://lh5.googleusercontent.com/p/AF1QipN5fJONsFO5pdYxBpTxyqrDSmMxl2Km2KE9vbiB
142,GoodFellas Barbershop Bukit Darmo Golf,"Jl. Bukit Darmo Golf No.36, Pradahkalikendal, Kec. Dukuhpakis, Surabaya, Jawa Timur 60255","Kamis:[10.00â€“21.00],Jumat:[10.00â€“21.00],Sabtu:[10.00â€“21.00],Minggu:[10.00â€“21.00],Senin:[10.00â€“21.00],Selasa:[10.00â€“21.00],Rabu:[10.00â€“21.00]",81231552665,,257,5,Tempat Cukur Rambut,-7.2937959,112.6972201,ChIJVSnl16j91y0R5lPGf3lm2BE,https://lh5.googleusercontent.com/p/AF1QipPX4Q1I24W0quK7xEOVfiqmdiNRYjLToFOHoidR
143,Barbershop Lunar,"No. Lakarsantri Pkl lidah kulon ( depan SMA13, Jl. Lakarsantri, Surabaya, Jawa Timur 60213","Kamis:[10.00â€“22.00],Jumat:[10.00â€“22.00],Sabtu:[10.00â€“22.00],Minggu:[10.00â€“22.00],Senin:[10.00â€“22.00],Selasa:[Tutup],Rabu:[10.00â€“22.00]",81231577172,,38,4.2,Tempat Cukur Rambut,-7.3024059,112.6327263,ChIJKTcOUVP81y0RaeaxacWqUHw,https://lh5.googleusercontent.com/p/AF1QipMozAcOgqA2Hxrxra8qKlK_YY_hYrylN7axmyzK
144,Barberboy Barbershop,"Centra PKL, Jl. Raya Lidah Wetan No.27, Lidah Wetan, Kec. Lakarsantri, Surabaya, Jawa Timur 60213","Kamis:[10.00â€“21.00],Jumat:[13.00â€“22.00],Sabtu:[10.00â€“21.00],Minggu:[10.00â€“21.00],Senin:[10.00â€“21.00],Selasa:[10.00â€“21.00],Rabu:[10.00â€“21.00]",81226806262,,94,4.7,Tempat Cukur Rambut,-7.307726,112.6654363,ChIJ-Up6Eav91y0RQc_x0qHMZ1U,https://lh5.googleusercontent.com/p/AF1QipMhSsx618vK6AFbbOsz5kRYLqxUeqiW_rDmq2Ki
145,TELULAS BARBERSHOP,"Jl. Raya Lidah Wetan No.10b, Mojo Kopek, Lidah Wetan, Kec. Lakarsantri, Surabaya, Jawa Timur 60213","Kamis:[11.00â€“21.00],Jumat:[11.00â€“21.00],Sabtu:[11.00â€“21.00],Minggu:[11.00â€“21.00],Senin:[11.00â€“21.00],Selasa:[11.00â€“21.00],Rabu:[11.00â€“21.00]",81333541278,,34,4.6,Tempat Cukur Rambut,-7.3066443,112.6653954,ChIJDU7v_zz91y0RV5y3l1DrFvM,https://lh5.googleusercontent.com/p/AF1QipOL8UMbXrouLsWBZcOIiVnHFjXAUZAaTx9WB06t
146,MR.GO BARBERSHOP,"Jl. Lidah Wetan Tengah No.30, Lidah Wetan, Kec. Lakarsantri, Surabaya, Jawa Timur 60213","Kamis:[12.00â€“21.30],Jumat:[12.00â€“21.30],Sabtu:[12.00â€“21.30],Minggu:[12.00â€“21.30],Senin:[12.00â€“21.30],Selasa:[12.00â€“21.30],Rabu:[12.00â€“21.30]",81390488858,,45,4.3,Tempat Cukur Rambut,-7.3072243,112.667311,ChIJP5qtS6v91y0Rn2fbcDeypWI,https://lh5.googleusercontent.com/p/AF1QipNikUQHzGUHcpV8PENlXGkqjU0Br1hkhsZgyX4
147,Goodfellas Barbershop Citraland,"TA1 no 12, Jl. Bukit Telaga Golf, Jeruk, Kec. Lakarsantri, Surabaya, Jawa Timur 60213","Kamis:[10.00â€“20.00],Jumat:[10.00â€“20.00],Sabtu:[10.00â€“20.00],Minggu:[10.00â€“20.00],Senin:[10.00â€“20.00],Selasa:[10.00â€“20.00],Rabu:[10.00â€“20.00]",81292188272,,103,4.9,Tempat Cukur Rambut,-7.2921372,112.6482367,ChIJNWJYl5n91y0RL00Htf7p0oQ,https://lh5.googleusercontent.com/p/AF1QipMJ2FLlLLtxcgcfyqhkLC38YaQaTcpcm6frmCDd
148,Raja cukur barbershop,"Ruko 8, Jl. Raya Wisma Lidah Kulon No.3c, Lidah Kulon, Kec. Lakarsantri, Surabaya, Jawa Timur 60213","Kamis:[11.00â€“21.00],Jumat:[11.00â€“21.00],Sabtu:[11.00â€“21.00],Minggu:[11.00â€“21.00],Senin:[11.00â€“21.00],Selasa:[11.00â€“21.00],Rabu:[11.00â€“21.00]",85230830404,,26,4.7,Salon Rambut,-7.3065073,112.6538079,ChIJhfJbyBP91y0RDWWc97m8qhk,https://lh5.googleusercontent.com/p/AF1QipPgNpMdMJZImalAWM1L3d9uaJVSBbOObrEJI58F
149,Capitol Barbershop,"Citraland G-Walk Galeria CG2 No.6, Jl. Raya Lidah Wetan, Lidah Kulon, Kec. Lakarsantri, Surabaya, Jawa Timur 60213","Kamis:[10.00â€“21.00],Jumat:[10.00â€“21.00],Sabtu:[10.00â€“21.00],Minggu:[10.00â€“21.00],Senin:[10.00â€“21.00],Selasa:[10.00â€“21.00],Rabu:[10.00â€“21.00]",81977700776,,62,4.4,Salon Rambut,-7.2911254,112.6549783,ChIJb-TjmKb91y0RpZ3wRmB7e3c,https://lh5.googleusercontent.com/p/AF1QipP7eG6JApaxfjG-9xmWYwX2zxr8zXA8kMdmgz8-
150,Shiru Barbershop,"Jl. Lontar Lidah Kulon, Lidah Kulon, Kec. Lakarsantri, Surabaya, Jawa Timur 60213","Kamis:[10.00â€“22.00],Jumat:[10.00â€“22.00],Sabtu:[10.00â€“22.00],Minggu:[10.00â€“22.00],Senin:[10.00â€“22.00],Selasa:[10.00â€“22.00],Rabu:[10.00â€“22.00]",83879429323,,55,4.2,Tempat Cukur Rambut,-7.3027301,112.6623239,ChIJ_-1VcND91y0RQw-rHhTuIi4,https://lh5.googleusercontent.com/p/AF1QipOQE88aWtHomKve4W1kqYnm998fdkTLiCLvfl0y
151,Venosbarbershop,"Jalan Sepat No.28, RT.003/RW.001, Lidah Kulon, Kec. Lakarsantri, Surabaya, Jawa Timur 60213","Kamis:[10.00â€“22.00],Jumat:[10.00â€“22.00],Sabtu:[10.00â€“22.00],Minggu:[10.00â€“22.00],Senin:[10.00â€“22.00],Selasa:[10.00â€“22.00],Rabu:[10.00â€“22.00]",82338940347,,16,4.8,Tempat Cukur Rambut,-7.3057967,112.6581067,ChIJ5eB6OvD91y0RnJODrbxRJdo,https://lh5.googleusercontent.com/p/AF1QipM63p85-IZnV9yI3tGnYtT9ObTLSM_JkmB2UHOH
152,PRIMERO Barbershop - Lidah Kulon,"Jl. Sepat Lidah Kulon No.350A, Lidah Kulon, Kec. Lakarsantri, Surabaya, Jawa Timur 60213","Kamis:[13.00â€“22.00],Jumat:[13.00â€“22.00],Sabtu:[13.00â€“22.00],Minggu:[13.00â€“22.00],Senin:[13.00â€“22.00],Selasa:[Tutup],Rabu:[13.00â€“22.00]",89516520950,,70,5,Tempat Cukur Rambut,-7.3056769,112.6531293,ChIJPYwqCOP91y0Rqz1QQazt9uM,https://lh5.googleusercontent.com/p/AF1QipM_I3pBLYw4aJbCFkr1amXjV7E_POcYWkbzauld
153,Public zone barbershop,"Jl Lakarsantri no 75 A, depan SDN lakarsantri No.2 473, Surabaya, Jawa Timur 60211","Kamis:[12.30â€“22.00],Jumat:[12.30â€“22.00],Sabtu:[12.30â€“22.00],Minggu:[12.30â€“22.00],Senin:[12.30â€“22.00],Selasa:[12.30â€“22.00],Rabu:[12.30â€“22.00]",89506534477,,6,4.7,Tempat Cukur Rambut,-7.3033084,112.6338557,ChIJIydpGCb91y0RAIJ_lLUP_F8,https://lh5.googleusercontent.com/p/AF1QipNojlQ-vuSxcHjlpfr61bpzT3fzdes_UF9JXWmN
154,Number one barbershop,"Jl. Menganti Lidah Kulon No.309, Lidah Kulon, Kec. Lakarsantri, Surabaya, Jawa Timur 60213","Kamis:[10.00â€“22.00],Jumat:[13.00â€“22.00],Sabtu:[10.00â€“22.00],Minggu:[10.00â€“22.00],Senin:[10.00â€“22.00],Selasa:[10.00â€“22.00],Rabu:[10.00â€“22.00]",83846932873,,11,5,Salon Rambut,-7.3054836,112.6492324,ChIJCylx-y791y0RgGfKm0bVMVM,https://lh5.googleusercontent.com/p/AF1QipMs_SpMASh2tTfkl93JBjo7RD6gzRLf60UxYgmd
155,Lynford Barbershop #1 - Kupang Jaya,"Jl. Kupang Jaya I No.Kav 3, Sonokwijenan, Kec. Sukomanunggal, Surabaya, Jawa Timur 60189","Kamis:[09.00â€“21.00],Jumat:[09.00â€“21.00],Sabtu:[09.00â€“21.00],Minggu:[09.00â€“21.00],Senin:[09.00â€“21.00],Selasa:[09.00â€“21.00],Rabu:[09.00â€“21.00]",8113338077,lynfordbarbershop@gmail.com,385,4.9,Tempat Cukur Rambut,-7.2758784,112.7055865,ChIJC2L5rYD91y0R5crilKDlaJ0,https://lh5.googleusercontent.com/p/AF1QipMqEDtFsaAEp48eQcl31XT2MeVKn6SPlf19_xCh
156,GoodFellas Barbershop Graha,"Ruko Graha Family Blok B No. 8, Pradahkalikendal, Kec. Dukuhpakis, Surabaya, Jawa Timur 60216","Kamis:[09.00â€“21.00],Jumat:[09.00â€“21.00],Sabtu:[09.00â€“21.00],Minggu:[09.00â€“21.00],Senin:[09.00â€“21.00],Selasa:[09.00â€“21.00],Rabu:[09.00â€“21.00]",81235777892,,432,4.7,Tempat Cukur Rambut,-7.2920715,112.6765529,ChIJU5hLtkn81y0RMD7rdXPq9oE,https://lh5.googleusercontent.com/p/AF1QipPqECn_P1cs7cmPCmphNdE2HD37tBXEQGBqhPpn
157,Cukur Boss Barbershop,"Ruko House of Bikers (HOBIS, Jl. Mayjen HR. Muhammad No.22 Lt. 2, Putat Gede, Kec. Sukomanunggal, Surabaya, Jawa Timur 60189","Kamis:[10.00â€“20.00],Jumat:[10.00â€“20.00],Sabtu:[10.00â€“20.00],Minggu:[10.00â€“20.00],Senin:[10.00â€“20.00],Selasa:[10.00â€“20.00],Rabu:[10.00â€“20.00]",8123699999,,20,4,Tempat Cukur Rambut,-7.2859061,112.7002001,ChIJ7xs8shP81y0RHoti-ueWMTo,https://lh5.googleusercontent.com/p/AF1QipN74mbvD05RBvz8s-Sp2GjkEgZg48oH4wqKTTsN
158,Mitra Potong Rambut,"Jl. Donowati No.34, Sukomanunggal, Kec. Sukomanunggal, Surabaya, Jawa Timur 60188","Kamis:[08.00â€“22.00],Jumat:[08.00â€“22.00],Sabtu:[08.00â€“22.00],Minggu:[Tutup],Senin:[08.00â€“22.00],Selasa:[08.00â€“22.00],Rabu:[08.00â€“22.00]",,,15,4.6,Tempat Cukur Rambut,-7.2682159,112.698631,ChIJleJSXaf-1y0RRwotBZH4Zhg,https://lh5.googleusercontent.com/p/AF1QipP0I0p3MJnQmGq8znUs7DjB9iXxQ3q_GWq4MDWK
159,Merdeka Barbershop,"Jl. Sukomanunggal No.39, Sukomanunggal, Kec. Sukomanunggal, Surabaya, Jawa Timur 60281","Kamis:[Buka 24 jam],Jumat:[Buka 24 jam],Sabtu:[Buka 24 jam],Minggu:[Buka 24 jam],Senin:[Buka 24 jam],Selasa:[Buka 24 jam],Rabu:[Buka 24 jam]",85336488880,,5,4.8,Tempat Cukur Rambut,-7.2662059,112.6997233,ChIJs5Jiop__1y0RrLrRkjnZB6g,https://lh5.googleusercontent.com/p/AF1QipMHbfb4owcx9MT7Z9l7ZgQAKYU87aJR9rGvO9jf
160,Papayo barbershop,"Jl. Simo Rejo II No.55-65, Simomulyo, Kec. Sukomanunggal, Surabaya, Jawa Timur 60281",,8996995910,,29,5,Tempat Cukur Rambut,-7.2537914,112.7121674,ChIJI1AuzwT_1y0RuAne-CvDYPc,https://lh5.googleusercontent.com/p/AF1QipMXemaRNmIi8y0n6qaESZR4PEDeO2-pOv_Rc3lA
161,Keluncum Barbershop Surabaya,"Jl. Dukuh Kupang XXV No.42, Dukuh Kupang, Kec. Dukuhpakis, Surabaya, Jawa Timur 60189","Kamis:[09.00â€“21.00],Jumat:[13.00â€“21.00],Sabtu:[09.00â€“21.00],Minggu:[09.00â€“21.00],Senin:[10.00â€“21.00],Selasa:[09.00â€“21.00],Rabu:[09.00â€“21.00]",87812256145,,153,4.8,Tempat Cukur Rambut,-7.2835029,112.7129549,ChIJJVkjZcL91y0Rz4dkF2Yo23g,https://lh5.googleusercontent.com/p/AF1QipOn6xNfn4xmDFl4VdwEkn1xOaL2asp4cxz9rs8v
162,MARVELOUS BARBERSHOP WIYUNG,"Jl. Raya Menganti Karangan No.22, Babatan, Kec. Wiyung, Surabaya, Jawa Timur 60227","Kamis:[10.00â€“22.00],Jumat:[10.00â€“22.00],Sabtu:[10.00â€“22.00],Minggu:[10.00â€“22.00],Senin:[10.00â€“22.00],Selasa:[10.00â€“22.00],Rabu:[10.00â€“22.00]",81357687979,,366,4.5,Tempat Cukur Rambut,-7.3110616,112.6855233,ChIJ0XLV4_X81y0R8ncXRvHaROM,https://lh5.googleusercontent.com/p/AF1QipMKLtIYKYFNhrRiO2RuyNu1oXKHZiUDxu0BjGZ9
163,REPUBLIC PUNTADEWA BARBERSHOP WIYUNG,"Jl. Raya Menganti Karangan, Babatan, Kec. Wiyung, Surabaya, Jawa Timur 60227","Kamis:[10.00â€“22.00],Jumat:[10.00â€“22.00],Sabtu:[10.00â€“22.00],Minggu:[10.00â€“22.00],Senin:[10.00â€“22.00],Selasa:[10.00â€“22.00],Rabu:[10.00â€“22.00]",82210792006,,100,4.6,Tempat Cukur Rambut,-7.3109975,112.6850972,ChIJ7XzqIqX91y0RYz5Vspbp3T8,https://lh5.googleusercontent.com/p/AF1QipNz3R4EX8rtaj23gIUrbnmYzuynGbs62KrB0nei
164,REPUBLIC BABERSHOP,"samping haus, Jl. Raya Menganti Babatan Jl. Raya Menganti Karangan No.5, Surabaya, Jawa Timur 60213","Kamis:[11.00â€“22.00],Jumat:[13.00â€“22.00],Sabtu:[11.00â€“22.00],Minggu:[11.00â€“22.00],Senin:[11.00â€“22.00],Selasa:[11.00â€“22.00],Rabu:[11.00â€“22.00]",81259679655,,50,4.7,Tempat Cukur Rambut,-7.308952,112.6745268,ChIJ_RXHM0b91y0RymZMddy_V78,https://lh5.googleusercontent.com/p/AF1QipNGq3fsj0i3jI4m9P8q8ELEV8xgdzCS2nCf1lgJ
165,De'Cutz Barber Shop,"Jl. Raya Menganti No.48, Jajar Tunggal, Kec. Wiyung, Surabaya, Jawa Timur 60229","Kamis:[11.00â€“21.00],Jumat:[11.00â€“21.00],Sabtu:[11.00â€“21.00],Minggu:[11.00â€“21.00],Senin:[11.00â€“21.00],Selasa:[11.00â€“21.00],Rabu:[11.00â€“21.00]",87849061494,,119,4.7,Tempat Cukur Rambut,-7.3134262,112.7016352,ChIJh2QFKGH91y0R3meOB401ijY,https://lh5.googleusercontent.com/p/AF1QipNqduuZ2ojBGv1oCIEfrmTBldDbLG9FYnfxrFa-
166,Tjoekoer Bawah Pohon Barbershop,"Jl. Raya Menganti Karangan No.6A, Babatan, Kec. Wiyung, Surabaya, Jawa Timur 60227","Kamis:[10.00â€“21.00],Jumat:[10.00â€“21.00],Sabtu:[10.00â€“21.00],Minggu:[10.00â€“21.00],Senin:[10.00â€“21.00],Selasa:[10.00â€“21.00],Rabu:[10.00â€“21.00]",81387781679,,535,4.9,Tempat Cukur Rambut,-7.3112,112.6873,ChIJsaEf7SP91y0RE1Mta9JTVHg,https://lh5.googleusercontent.com/p/AF1QipM6N_obehArJ349f2WRnDEUWJ3uK0MLCpOWSuu_
167,Serious Cut Barbershop Wiyung,"MPP5+X45, Jl. Menganti Wiyung, Jajar Tunggal, Kec. Wiyung, Surabaya, Jawa Timur","Kamis:[10.00â€“22.00],Jumat:[10.00â€“22.00],Sabtu:[10.00â€“22.00],Minggu:[10.00â€“22.00],Senin:[Tutup],Selasa:[10.00â€“22.00],Rabu:[10.00â€“22.00]",87872811133,,40,5,Tempat Cukur Rambut,-7.3126082,112.7078461,ChIJC5UfLAD91y0R9mEJoAyYh8I,https://lh5.googleusercontent.com/p/AF1QipOoI56GxYt1itNWseLAi12ITC-k_PNgD4kIQw5C
168,MEET THE BARBER,"Perumahan Pratama, Jl. Raya Babatan Pratama No.7 Blok A, Babatan, Kec. Wiyung, Surabaya, Jawa Timur 60227","Kamis:[10.00â€“22.00],Jumat:[10.00â€“22.00],Sabtu:[09.00â€“22.00],Minggu:[09.00â€“22.00],Senin:[10.00â€“22.00],Selasa:[10.00â€“22.00],Rabu:[10.00â€“22.00]",317521355,,48,4.6,Tempat Cukur Rambut,-7.3124842,112.6868466,ChIJZRsEyvX81y0RAWpPokZIYWc,https://lh5.googleusercontent.com/p/AF1QipOGl9y7iAGtvXDCh7n0oTudv9A2SencbtwOvS7B
169,Barberlin,"Jl.gempol balas Klumprik 56 (sembrang gang SMA22 Surabaya, Surabaya, Jawa Timur","Kamis:[12.00â€“22.00],Jumat:[01.00â€“22.00],Sabtu:[10.00â€“22.00],Minggu:[10.00â€“22.00],Senin:[12.00â€“22.00],Selasa:[12.00â€“22.00],Rabu:[12.00â€“22.00]",83149282557,,53,5,Tempat Cukur Rambut,-7.3296389,112.6808946,ChIJ6SK3FSr51y0RGCx2wEdJVIk,https://lh5.googleusercontent.com/p/AF1QipOqy8ixKpywkT7BlvfoMCHCmxRzeuCnX5ZgPC38
170,Black White Barber Shop,"Jl. Raya Menganti Karangan No.16, Babatan, Kec. Wiyung, Surabaya, Jawa Timur 60227","Kamis:[09.00â€“21.00],Jumat:[09.00â€“21.00],Sabtu:[09.00â€“21.00],Minggu:[09.00â€“21.00],Senin:[09.00â€“21.00],Selasa:[09.00â€“21.00],Rabu:[09.00â€“21.00]",82231429896,,53,4.7,"Tempat Cukur Rambut,Salon Kecantikan",-7.3112429,112.6864412,ChIJSQMf6vX81y0RI3OzHCdagSk,https://lh5.googleusercontent.com/p/AF1QipMdkvAYGQRlXf1N-O_4aq-9LxY9zEzYpsmnC29_
171,Danke barbershop,"Jl. Klumprik Pdam No.30, Balas Klumprik, Kec. Wiyung, Surabaya, Jawa Timur 60222","Kamis:[13.00â€“22.00],Jumat:[13.00â€“22.00],Sabtu:[10.00â€“22.00],Minggu:[10.00â€“22.00],Senin:[13.00â€“22.00],Selasa:[13.00â€“22.00],Rabu:[13.00â€“22.00]",82132691999,dankebarber@gmail.com,86,4.8,Tempat Cukur Rambut,-7.3303649,112.6843585,ChIJWbuwcmz91y0R_zx5DlOJ8vA,https://lh5.googleusercontent.com/p/AF1QipNYQ12YN2NhcORiNvsv2ctN6hT0nQGhURaeQxfR
172,Elite Barbershop,"Jl. Raya Menganti No.35, Babatan, Kec. Wiyung, Surabaya, Jawa Timur 60227","Kamis:[11.00â€“22.00],Jumat:[12.30â€“22.00],Sabtu:[11.00â€“22.00],Minggu:[11.00â€“22.00],Senin:[11.00â€“22.00],Selasa:[11.00â€“22.00],Rabu:[11.00â€“22.00]",82166994228,,24,4.8,Tempat Cukur Rambut,-7.3099897,112.6779465,ChIJZ_4MQET91y0RqRwMaYQTk_M,https://lh5.googleusercontent.com/p/AF1QipPbxlEopYzUr0mr8K5HEU5iMvj-V5OpTYsIKiN8
173,Luxemen Barbers,"Jl. Raya Wiyung No.20, Kedurus, Kec. Wiyung, Surabaya, Jawa Timur 60223","Kamis:[12.00â€“21.00],Jumat:[13.00â€“21.00],Sabtu:[Tutup],Minggu:[Tutup],Senin:[Tutup],Selasa:[12.00â€“21.00],Rabu:[12.00â€“21.00]",85731584101,,27,4.8,"Tempat Cukur Rambut,Salon Rambut,Penata Rambut",-7.3128443,112.7081212,ChIJvQBoU_X91y0R9ZTxvZAilYM,https://lh5.googleusercontent.com/p/AF1QipMlS8zJ2zfV8PBKkwU99pqQZ-VzPt76rsyRhC3X
174,The fortuna Barber studio,"Gg. VI No.19D, Babatan, Kec. Wiyung, Surabaya, Jawa Timur 60213","Kamis:[10.00â€“21.00],Jumat:[13.00â€“21.00],Sabtu:[10.00â€“21.00],Minggu:[10.00â€“21.00],Senin:[10.00â€“21.00],Selasa:[10.00â€“21.00],Rabu:[10.00â€“21.00]",3158289185,Thefortunabarberstudio@gmail.com,192,5,Tempat Cukur Rambut,-7.3080364,112.6742575,ChIJAcCVKR791y0R5n80X4Vw9RI,https://lh5.googleusercontent.com/p/AF1QipMh-ODVvAACnFSAvvNUcB3XT3DlSQkoFVjwBkpK
175,Morven Barbershop Gunung Sari,"Jl. Raya Mastrip No.178, Jajar Tunggal, Kec. Wiyung, Surabaya, Jawa Timur 60277","Kamis:[13.00â€“23.00],Jumat:[13.00â€“23.00],Sabtu:[13.00â€“23.00],Minggu:[13.00â€“23.00],Senin:[13.00â€“23.00],Selasa:[13.00â€“23.00],Rabu:[13.00â€“23.00]",83847661073,,31,4.5,Tempat Cukur Rambut,-7.3121662,112.7100171,ChIJj91HgQj91y0R-b3PUCGnmj0,https://lh5.googleusercontent.com/p/AF1QipODLa4Tnusz7blswHiK59KnaQTu8cAAwklAh9YD
176,Potong Rambut Sederhana,"Jl. Raya Wiyung No.mor 32A, Jajar Tunggal, Kec. Wiyung, Surabaya, Jawa Timur 60229","Kamis:[10.00â€“23.00],Jumat:[10.00â€“23.00],Sabtu:[10.00â€“23.00],Minggu:[10.00â€“23.00],Senin:[10.00â€“23.00],Selasa:[10.00â€“23.00],Rabu:[10.00â€“23.00]",89675780922,,234,4.3,"Tempat Cukur Rambut,Perusahaan,Toko",-7.3138362,112.7011356,ChIJ6_LmxIj81y0Rge5MytJ6yzk,https://lh5.googleusercontent.com/p/AF1QipNU4TKoS-z-eBWLaNitgA54AN89M-c2_AwzDMy_
177,Broadway Barbershop Waterplace,"Jl. Pakuwon Indah No.KAV. 3-5, Babatan, Kec. Wiyung, Surabaya, Jawa Timur 60213","Kamis:[10.00â€“21.00],Jumat:[10.00â€“21.00],Sabtu:[10.00â€“21.00],Minggu:[10.00â€“21.00],Senin:[10.00â€“21.00],Selasa:[10.00â€“21.00],Rabu:[10.00â€“21.00]",81336839951,,85,4.5,Tempat Cukur Rambut,-7.2912633,112.6722497,ChIJ2xKeO0r81y0R8e9NKpDmzYY,https://lh5.googleusercontent.com/p/AF1QipOh5kMsw7dk9_ogBRcg0jqJ6qE-Ftoo5cFtz18T
178,New Cut on the Block (barbershop and salon),"Jl. Raya Babatan Pratama No.7 blok A no, Babatan, Wiyung, Surabaya, East Java 60228","Kamis:[10.00â€“20.00],Jumat:[10.00â€“20.00],Sabtu:[10.00â€“20.00],Minggu:[10.00â€“20.00],Senin:[10.00â€“20.00],Selasa:[10.00â€“20.00],Rabu:[Tutup]",,,12,5,Tempat Cukur Rambut,-7.3124853,112.6868485,ChIJoeVaZZT91y0RUw5HRwbmPY8,https://lh5.googleusercontent.com/p/AF1QipOMMXLDJ78pIgt-dh0wiElokwP6VqSou5h5i0yC
179,Milano Barbershop,"Jl. Raya Menganti No.48, Jajar Tunggal, Kec. Wiyung, Surabaya, Jawa Timur 60229","Kamis:[10.00â€“22.00],Jumat:[10.00â€“22.00],Sabtu:[10.00â€“22.00],Minggu:[10.00â€“22.00],Senin:[10.00â€“22.00],Selasa:[10.00â€“22.00],Rabu:[10.00â€“22.00]",81949798006,,12,4.4,Tempat Cukur Rambut,-7.3134123,112.7017873,ChIJsxJ48JP91y0R0oFfkqUc0Ko,https://lh5.googleusercontent.com/p/AF1QipM2bI_gv_YMRksbTtnrMfKJkDZC25oUsGY9CxAp
180,Pangkas Rambut Bahagia,"MMQJ+QWG, Jl. Raya Menganti Karangan, Babatan, Kec. Wiyung, Surabaya, Jawa Timur 60227","Kamis:[07.00â€“21.00],Jumat:[07.00â€“21.00],Sabtu:[07.00â€“21.00],Minggu:[07.00â€“21.00],Senin:[07.00â€“21.00],Selasa:[07.00â€“21.00],Rabu:[07.00â€“21.00]",81937332477,,18,4.1,"Tempat Cukur Rambut,Salon Rambut",-7.3105513,112.6823127,ChIJYyEkhFf81y0RgPnyE_99g88,https://lh3.googleusercontent.com/gps-proxy/ALd4DhHi5KlqPgqIDF5JsVvL7lljC_P4jfNTcv1ZRkZm8ar3lApkI3B905-ZSBugj9pFss9I7Ki4w3pmcxxn0r5QflK6JNCSgz_UYEzl0UGO-OXkaeRaTrEH9jkXC-r_ZjRAGh3aBBi670ewAwq6GC3ZrJZ0N4ztkJVEQK0Ncu1IzWvXwYpI6GEUWQHDmu3ioTKpDrNZ7kQ
181,MANCAVE BARBERSHOP,"Jl. Samanhudi No.67a, RT.8/RW.6, Ps. Baru, Kecamatan Sawah Besar, Kota Jakarta Pusat, Daerah Khusus Ibukota Jakarta 10710","Sunday:[10.00â€¯amâ€“9.00â€¯pm],Monday:[11.00â€¯amâ€“9.00â€¯pm],Tuesday:[11.00â€¯amâ€“9.00â€¯pm],Wednesday:[11.00â€¯amâ€“9.00â€¯pm],Thursday:[11.00â€¯amâ€“9.00â€¯pm],Friday:[11.00â€¯amâ€“9.00â€¯pm],Saturday:[10.00â€¯amâ€“9.00â€¯pm]",81998888167,,488,4.8,Barber shop,-6.161461,106.831083,ChIJW5zhmZ_1aS4R1UpEDOrQS2U,https://lh5.googleusercontent.com/p/AF1QipPmlCvPNvJIi1SM9Gr_B8xAneEhNzWWYgyr3lNJ
182,HighPomp Barbershop - Boxx in,"Jl. Sukarjo Wiryopranoto No.2, Kb. Klp., Kecamatan Gambir, Kota Jakarta Pusat, Daerah Khusus Ibukota Jakarta 10210","Sunday:[11.00â€¯amâ€“9.00â€¯pm],Monday:[11.00â€¯amâ€“9.00â€¯pm],Tuesday:[11.00â€¯amâ€“9.00â€¯pm],Wednesday:[11.00â€¯amâ€“9.00â€¯pm],Thursday:[11.00â€¯amâ€“9.00â€¯pm],Friday:[1.30â€“9.00â€¯pm],Saturday:[11.00â€¯amâ€“9.00â€¯pm]",88229579022,,210,4.8,"Barber shop,Hair salon,Leisure centre,Hairdresser",-6.1622335,106.8273556,ChIJcS4ec9v1aS4R8cn5mMw5Z8Q,https://lh5.googleusercontent.com/p/AF1QipNWXa5sWGJFhEAFAZox_FDxbPRe5SdE5lPWovFp
183,Di Bawah Pohon Barber & Shop,"Jl. H. Agus Salim No.60,Menteng, RT.8/RW.4, Gondangdia, jakarta, Kota Jakarta Pusat, Daerah Khusus Ibukota Jakarta 10350","Sunday:[10.00â€¯amâ€“8.00â€¯pm],Monday:[11.00â€¯amâ€“9.00â€¯pm],Tuesday:[11.00â€¯amâ€“9.00â€¯pm],Wednesday:[11.00â€¯amâ€“9.00â€¯pm],Thursday:[11.00â€¯amâ€“9.00â€¯pm],Friday:[1.00â€“9.00â€¯pm],Saturday:[10.00â€¯amâ€“8.00â€¯pm]",8982851456,,941,4.7,Barber shop,-6.188129,106.8249407,ChIJj1M1wCX0aS4RxNhi-g1XGF0,https://lh5.googleusercontent.com/p/AF1QipMZEbJRiQxfoy5oyizAaER5Pzkyz8Asixl5MH-7
184,Barber Garage,"2, Jl. Percetakan Negara V No.23, RW.3, Rawasari, Kec. Cemp. Putih, Kota Jakarta Pusat, Daerah Khusus Ibukota Jakarta 10570","Sunday:[9.30â€¯amâ€“9.00â€¯pm],Monday:[10.00â€¯amâ€“9.00â€¯pm],Tuesday:[10.00â€¯amâ€“9.00â€¯pm],Wednesday:[10.00â€¯amâ€“9.00â€¯pm],Thursday:[10.00â€¯amâ€“9.00â€¯pm],Friday:[10.00â€¯amâ€“9.00â€¯pm],Saturday:[9.30â€¯amâ€“9.00â€¯pm]",817748430,,286,4.8,Barber shop,-6.1907812,106.8583,ChIJRYKL8Fv0aS4Ru1GCUkR0toM,https://lh5.googleusercontent.com/p/AF1QipPUJE86Fd5xy977Gcbyc92y2WFzXE0736aYTS8R
185,Barber Garage,"4, Jl. Sumber Pelita No.23, RT.1/RW.1, Sumur Batu, Kec. Kemayoran, Kota Jakarta Pusat, Daerah Khusus Ibukota Jakarta 10640","Sunday:[10.00â€¯amâ€“9.00â€¯pm],Monday:[11.00â€¯amâ€“10.00â€¯pm],Tuesday:[11.00â€¯amâ€“10.00â€¯pm],Wednesday:[11.00â€¯amâ€“10.00â€¯pm],Thursday:[11.00â€¯amâ€“10.00â€¯pm],Friday:[11.00â€¯amâ€“10.00â€¯pm],Saturday:[10.00â€¯amâ€“9.00â€¯pm]",817748430,,217,4.6,Barber shop,-6.1646209,106.8638646,ChIJHcmqyKf1aS4Rs3k_p0CE3Ek,https://lh5.googleusercontent.com/p/AF1QipPAPKqjGTaLKNbCAcSRs-qMHVur6DAIGdbvI9ER
186,Luxe Barbershop,"Jl. H. Agus Salim No.23a 1, RT.2/RW.1, sabang, Jakarta, Kota Jakarta Pusat, Daerah Khusus Ibukota Jakarta 10350","Sunday:[10.00â€¯amâ€“9.00â€¯pm],Monday:[10.00â€¯amâ€“9.00â€¯pm],Tuesday:[10.00â€¯amâ€“9.00â€¯pm],Wednesday:[10.00â€¯amâ€“9.00â€¯pm],Thursday:[10.00â€¯amâ€“9.00â€¯pm],Friday:[10.00â€¯amâ€“9.00â€¯pm],Saturday:[10.00â€¯amâ€“9.00â€¯pm]",85777300490,,229,4.4,Barber shop,-6.1838357,106.8249294,ChIJYSVjVS_0aS4R2EqytlS58rU,https://lh5.googleusercontent.com/p/AF1QipNaEGe4S4XQ4tNjAsKhwFVZVeUEBWVUKg7yAf-t
187,Haircoolest Barbershop | Petojo,"Jl. A.M Sangaji No.27, RT.8/RW.3, Petojo Utara, Kecamatan Gambir, Kota Jakarta Pusat, Daerah Khusus Ibukota Jakarta 10130","Sunday:[10.00â€¯amâ€“10.00â€¯pm],Monday:[10.00â€¯amâ€“10.00â€¯pm],Tuesday:[10.00â€¯amâ€“10.00â€¯pm],Wednesday:[10.00â€¯amâ€“10.00â€¯pm],Thursday:[10.00â€¯amâ€“10.00â€¯pm],Friday:[10.00â€¯amâ€“10.00â€¯pm],Saturday:[10.00â€¯amâ€“10.00â€¯pm]",85811065697,,975,5,Barber shop,-6.1634548,106.8129144,ChIJXw4HJqD3aS4RSm1MRU2Ip38,https://lh5.googleusercontent.com/p/AF1QipMzTbsbsO8dMX5GYGuzMo1wdBFy6FUsZtFIyACM
188,Big Bozz Man Barbershop,"Jl. Raya Mangga Besar No.102 5, RT.3/RW.10, Karang Anyar, Kecamatan Sawah Besar, Kota Jakarta Pusat, Daerah Khusus Ibukota Jakarta 10740","Sunday:[10.00â€¯amâ€“10.00â€¯pm],Monday:[10.00â€¯amâ€“10.00â€¯pm],Tuesday:[10.00â€¯amâ€“10.00â€¯pm],Wednesday:[10.00â€¯amâ€“10.00â€¯pm],Thursday:[10.00â€¯amâ€“10.00â€¯pm],Friday:[10.00â€¯amâ€“10.00â€¯pm],Saturday:[10.00â€¯amâ€“10.00â€¯pm]",87888888199,,187,4.5,Barber shop,-6.148495,106.8277038,ChIJ17_spuX1aS4RhOs1tmpp6g8,https://lh5.googleusercontent.com/p/AF1QipMlrVnXQqpp6ILJR0x9eiTyuw2EAwzFSnPEYwnl
189,MUSTANG BARBERSHOP,"Jl. Karang Anyar H No.9, RT.11/RW.3, Karang Anyar, Kecamatan Sawah Besar, Kota Jakarta Pusat, Daerah Khusus Ibukota Jakarta 11160","Sunday:[10.00â€¯amâ€“8.00â€¯pm],Monday:[10.00â€¯amâ€“9.00â€¯pm],Tuesday:[10.00â€¯amâ€“9.00â€¯pm],Wednesday:[10.00â€¯amâ€“9.00â€¯pm],Thursday:[10.00â€¯amâ€“9.00â€¯pm],Friday:[10.00â€¯amâ€“9.00â€¯pm],Saturday:[10.00â€¯amâ€“9.00â€¯pm]",85776177746,,141,4.8,Barber shop,-6.1593779,106.8276506,ChIJveXOV9L1aS4RWaWCpRUeoYc,https://lh5.googleusercontent.com/p/AF1QipN7OCApXzNGBJA6HsxmURK4OSg-mcarzOLCMMwg
190,Gentology Barbershop (Cideng branch),"Jl. Cideng Tim. Raya No.mor 90 7, RT.7/RW.4, Petojo Sel., Kecamatan Gambir, Kota Jakarta Pusat, Daerah Khusus Ibukota Jakarta 10160","Sunday:[11.00â€¯amâ€“9.00â€¯pm],Monday:[11.00â€¯amâ€“9.00â€¯pm],Tuesday:[11.00â€¯amâ€“9.00â€¯pm],Wednesday:[11.00â€¯amâ€“9.00â€¯pm],Thursday:[11.00â€¯amâ€“9.00â€¯pm],Friday:[2.00â€“9.00â€¯pm],Saturday:[9.00â€¯amâ€“7.00â€¯pm]",81770003750,gentology.barbershop@gmail.com,906,4.7,"Barber shop,Hair salon",-6.1789869,106.81309,ChIJeUivafH2aS4RfrUTqt1AZAM,https://lh5.googleusercontent.com/p/AF1QipPtXoV3Kcbwa8BESk25CWL0Z_YfDGJMq8RbGYs2
191,Marco's Chop Shop Barbershop - Sari Pacific Jakarta,"Jl. M.H. Thamrin No.6, RW.1, Kb. Sirih, Kec. Menteng, Kota Jakarta Pusat, Daerah Khusus Ibukota Jakarta 10340","Sunday:[10.00â€¯amâ€“10.00â€¯pm],Monday:[10.00â€¯amâ€“10.00â€¯pm],Tuesday:[10.00â€¯amâ€“10.00â€¯pm],Wednesday:[10.00â€¯amâ€“10.00â€¯pm],Thursday:[10.00â€¯amâ€“10.00â€¯pm],Friday:[10.00â€¯amâ€“10.00â€¯pm],Saturday:[10.00â€¯amâ€“10.00â€¯pm]",82299199415,marcoschopshop@gmail.com,129,4.8,Barber shop,-6.1856478,106.8238252,ChIJZdLwQ2P1aS4R-fJfzWwb6nM,https://lh5.googleusercontent.com/p/AF1QipN3jdAdiWo3My94faPzQCpQSUpaDddZIKf3beSq
192,HeaDQuarter Barbershop (Sebelumnya: Star Cut Barbershop),"Jl. Kembang Raya No.mor 56, RT.8/RW.4, Kwitang, Kec. Senen, Kota Jakarta Pusat, Daerah Khusus Ibukota Jakarta 10420","Sunday:[12.00â€“10.00â€¯pm],Monday:[11.00â€¯amâ€“10.00â€¯pm],Tuesday:[11.00â€¯amâ€“10.00â€¯pm],Wednesday:[11.00â€¯amâ€“10.00â€¯pm],Thursday:[11.00â€¯amâ€“10.00â€¯pm],Friday:[11.00â€¯amâ€“10.00â€¯pm],Saturday:[11.00â€¯amâ€“10.00â€¯pm]",81514665552,,125,4.6,Barber shop,-6.1833381,106.8383619,ChIJGbnQ_jb0aS4RpSCmwnGbHCI,https://lh5.googleusercontent.com/p/AF1QipOkKiUk8S5QT4g2YVWA6JNpOV-fi2yejOf0rCdO
193,Arahiwang Barbershop,"14, Jl. H. Ung No.469, RT.14/RW.2, Utan Panjang, Kec. Kemayoran, Kota Jakarta Pusat, Daerah Khusus Ibukota Jakarta 10650","Sunday:[10.00â€¯amâ€“10.00â€¯pm],Monday:[10.00â€¯amâ€“10.00â€¯pm],Tuesday:[10.00â€¯amâ€“10.00â€¯pm],Wednesday:[10.00â€¯amâ€“10.00â€¯pm],Thursday:[10.00â€¯amâ€“10.00â€¯pm],Friday:[1.00â€“11.00â€¯pm],Saturday:[10.00â€¯amâ€“10.00â€¯pm]",87883950595,,47,4.7,Barber shop,-6.1639148,106.8569836,ChIJp7Gul6X1aS4RL7Kfk6K0CW4,https://lh5.googleusercontent.com/p/AF1QipO86ZMEpykjK9EW0kHAjOCywa-t_pic9TtAFghY
194,KOLEGA BARBERSHOP RAWASARI,"Jl. Rawamangun Kel No.29 11, RT.11/RW.1, Rawasari, Kec. Cemp. Putih, Kota Jakarta Pusat, Daerah Khusus Ibukota Jakarta 10570","Sunday:[10.00â€¯amâ€“10.00â€¯pm],Monday:[11.00â€¯amâ€“10.00â€¯pm],Tuesday:[11.00â€¯amâ€“10.00â€¯pm],Wednesday:[11.00â€¯amâ€“10.00â€¯pm],Thursday:[11.00â€¯amâ€“10.00â€¯pm],Friday:[11.00â€¯amâ€“10.00â€¯pm],Saturday:[10.00â€¯amâ€“10.00â€¯pm]",,,130,4.9,Barber shop,-6.1935669,106.8579964,ChIJY7OU3T71aS4Rhlj2XeTz6I4,https://lh5.googleusercontent.com/p/AF1QipNSmsraZ5-SOxtEMzvtFMujL7FaA2FaXFzhl6Q6
195,Gentlemens Barbershop,"Jl. Letjend Jendral Soeprapto No.9A 12, RT.12/RW.4, Cemp. Baru, Kec. Kemayoran, Kota Jakarta Pusat, Daerah Khusus Ibukota Jakarta 10640","Sunday:[10.00â€¯amâ€“9.00â€¯pm],Monday:[10.00â€¯amâ€“9.00â€¯pm],Tuesday:[10.00â€¯amâ€“9.00â€¯pm],Wednesday:[10.00â€¯amâ€“9.00â€¯pm],Thursday:[10.00â€¯amâ€“9.00â€¯pm],Friday:[10.00â€¯amâ€“9.00â€¯pm],Saturday:[10.00â€¯amâ€“9.00â€¯pm]",82328186046,,102,4.5,Barber shop,-6.1705057,106.8657642,ChIJvy78t4H1aS4R_rKPZST0gcE,https://lh5.googleusercontent.com/p/AF1QipN8J_XXtZZMoLRbUhBlSkP-KH4qg33XDjKF48B2
196,CitiCuts Barbershop,"Jl. H. Agus Salim No.60A, RT.8/RW.4, Gondangdia, Kec. Menteng, Kota Jakarta Pusat, Daerah Khusus Ibukota Jakarta 10350","Sunday:[9.00â€¯amâ€“8.00â€¯pm],Monday:[9.00â€¯amâ€“8.00â€¯pm],Tuesday:[9.00â€¯amâ€“8.00â€¯pm],Wednesday:[9.00â€¯amâ€“8.00â€¯pm],Thursday:[9.00â€¯amâ€“8.00â€¯pm],Friday:[9.00â€¯amâ€“8.00â€¯pm],Saturday:[9.00â€¯amâ€“8.00â€¯pm]",,,233,4.4,Barber shop,-6.1880154,106.8247837,ChIJgfGowyX0aS4R_dVQzMkYmIo,https://lh5.googleusercontent.com/p/AF1QipNgyxARcjea85-XconNp2L37aqbyRffUCU-5aRl
197,Barbershop Tom's,"Pasar Gondangdia Blok A Los AKS No. 062-063, Jl. Srikaya I, RT.16/RW.6, Kb. Sirih, Kec. Menteng, Kota Jakarta Pusat, Daerah Khusus Ibukota Jakarta 10340","Sunday:[8.00â€¯amâ€“9.30â€¯pm],Monday:[8.00â€¯amâ€“9.30â€¯pm],Tuesday:[8.00â€¯amâ€“9.30â€¯pm],Wednesday:[8.00â€¯amâ€“9.30â€¯pm],Thursday:[8.00â€¯amâ€“9.30â€¯pm],Friday:[8.00â€¯amâ€“9.30â€¯pm],Saturday:[8.00â€¯amâ€“9.30â€¯pm]",85771046122,,75,4.6,Barber shop,-6.18671,106.8322517,ChIJdaczx431aS4RUBctzpMLdF0,https://lh5.googleusercontent.com/p/AF1QipNj2mDyJcvvYe9JXNce7_1tS_8sfb5ihtcLGujp
198,Laki Look Barbershop,"16, Jl. Cikini Raya No.71, RT.16/RW.1, Cikini, Kec. Menteng, Kota Jakarta Pusat, Daerah Khusus Ibukota Jakarta 10330","Sunday:[10.00â€¯amâ€“10.00â€¯pm],Monday:[10.00â€¯amâ€“10.00â€¯pm],Tuesday:[10.00â€¯amâ€“10.00â€¯pm],Wednesday:[10.00â€¯amâ€“10.00â€¯pm],Thursday:[10.00â€¯amâ€“10.00â€¯pm],Friday:[10.00â€¯amâ€“10.00â€¯pm],Saturday:[10.00â€¯amâ€“10.00â€¯pm]",8561094257,,108,4.4,Barber shop,-6.1897078,106.8378729,ChIJx7u4R2f1aS4RiABKOhm-8wY,https://lh5.googleusercontent.com/p/AF1QipMk1Q2W56hoatomFZ8uXiTJHdMRpP3TEFzvxkyz
199,Gustave barbershop,"Jl. Kran Raya B No.1 1, RT.10/RW.9, Gn. Sahari Sel., Jakarta, Kota Jakarta Pusat, Daerah Khusus Ibukota Jakarta 10610","Sunday:[10.00â€¯amâ€“10.00â€¯pm],Monday:[10.00â€¯amâ€“9.00â€¯pm],Tuesday:[10.00â€¯amâ€“9.00â€¯pm],Wednesday:[10.00â€¯amâ€“9.00â€¯pm],Thursday:[10.00â€¯amâ€“9.00â€¯pm],Friday:[10.00â€¯amâ€“9.00â€¯pm],Saturday:[10.00â€¯amâ€“10.00â€¯pm]",8.59329E+11,,66,4.7,Barber shop,-6.1574497,106.8454591,ChIJLx6gshj1aS4RXYP3LB4ZK-o,https://lh5.googleusercontent.com/p/AF1QipP2iTp-FKs8Cml8SM8cx_Xn67S20ppho__Yy-0N
200,Champs Barbershop,"Jl. Kb. Kacang 9 No.31, RT.2/RW.3, Kb. Kacang, Kecamatan Tanah Abang, Kota Jakarta Pusat, Daerah Khusus Ibukota Jakarta 10240","Sunday:[9.00â€¯amâ€“9.00â€¯pm],Monday:[9.00â€¯amâ€“9.00â€¯pm],Tuesday:[9.00â€¯amâ€“9.00â€¯pm],Wednesday:[9.00â€¯amâ€“9.00â€¯pm],Thursday:[9.00â€¯amâ€“9.00â€¯pm],Friday:[9.00â€¯amâ€“9.00â€¯pm],Saturday:[9.00â€¯amâ€“9.00â€¯pm]",81225671282,,96,4.4,Barber shop,-6.190374,106.8188999,ChIJ_9n4h8b1aS4RkMtjLZyGvY8,https://lh5.googleusercontent.com/p/AF1QipMhbHjfzBJ1PBUIQZ-x9t2HO7GzEMPhTw85oT4n
